User_ID,Signup_date,Plan_type,Monthly_fee,Avg_weekly_usage_hours,Support_tickets,Payment_failures,Tenure_months,Last_login_days_ago,Churn,Signup_month_num,Signup_month,Signup_year,Signup_day,Signup_weekday
1,15-04-2023,Premium,699,1.1,4,1,8,14,Yes,4,Apr,2023,15,Sat
2,27-08-2023,Premium,699,2.6,6,0,35,1,Yes,8,Aug,2023,27,Sun
3,12-10-2023,Premium,699,14.3,8,3,2,14,Yes,10,Oct,2023,12,Thu
4,11-12-2023,Basic,199,17.6,5,2,11,9,Yes,12,Dec,2023,11,Mon
5,14-02-2023,Basic,199,9.8,5,2,6,38,Yes,2,Feb,2023,14,Tue
6,05-10-2024,Premium,699,13.6,6,0,30,35,Yes,10,Oct,2024,5,Sat
7,24-10-2023,Premium,699,14.6,1,0,24,42,Yes,10,Oct,2023,24,Tue
8,09-01-2024,Basic,199,21.7,6,2,15,29,Yes,1,Jan,2024,9,Tue
9,15-03-2023,Basic,199,9.2,4,5,24,59,Yes,3,Mar,2023,15,Wed
10,17-10-2024,Premium,699,13.6,3,1,11,29,No,10,Oct,2024,17,Thu
11,20-11-2023,Premium,699,5.9,5,0,36,14,No,11,Nov,2023,20,Mon
12,20-10-2024,Standard,399,2.1,5,1,18,41,Yes,10,Oct,2024,20,Sun
13,21-08-2024,Standard,399,7,3,5,10,35,Yes,8,Aug,2024,21,Wed
14,18-02-2023,Standard,399,9.4,2,4,26,31,Yes,2,Feb,2023,18,Sat
15,02-09-2024,Basic,199,15.9,6,4,10,4,Yes,9,Sep,2024,2,Mon
16,29-11-2024,Standard,399,6.7,8,0,34,43,No,11,Nov,2024,29,Fri
17,09-04-2024,Premium,699,19.3,5,0,18,18,No,4,Apr,2024,9,Tue
18,02-10-2024,Basic,199,24.3,2,4,17,58,Yes,10,Oct,2024,2,Wed
19,27-06-2024,Standard,399,15.4,2,2,33,48,Yes,6,Jun,2024,27,Thu
20,11-11-2023,Basic,199,12.5,1,2,21,56,No,11,Nov,2023,11,Sat
21,12-03-2023,Basic,199,6.4,1,0,4,46,No,3,Mar,2023,12,Sun
22,13-09-2024,Premium,699,3.6,7,4,9,10,Yes,9,Sep,2024,13,Fri
23,18-11-2024,Standard,399,23.3,3,5,14,19,No,11,Nov,2024,18,Mon
24,07-03-2023,Premium,699,11.2,8,3,24,7,Yes,3,Mar,2023,7,Tue
25,25-12-2024,Standard,399,14.9,3,4,2,14,Yes,12,Dec,2024,25,Wed
26,13-10-2023,Premium,699,6.1,0,2,4,4,No,10,Oct,2023,13,Fri
27,13-08-2024,Premium,699,5.7,2,5,32,59,No,8,Aug,2024,13,Tue
28,17-03-2024,Standard,399,19.7,6,1,16,6,Yes,3,Mar,2024,17,Sun
29,11-04-2023,Standard,399,10.6,0,5,28,41,No,4,Apr,2023,11,Tue
30,04-04-2024,Basic,199,18.3,1,1,26,12,No,4,Apr,2024,4,Thu
31,29-03-2024,Basic,199,5,7,1,28,55,No,3,Mar,2024,29,Fri
32,31-08-2023,Premium,699,1.7,8,0,7,5,No,8,Aug,2023,31,Thu
33,24-01-2024,Basic,199,12.4,3,3,27,57,Yes,1,Jan,2024,24,Wed
34,23-07-2024,Basic,199,7,7,2,25,27,Yes,7,Jul,2024,23,Tue
35,09-07-2024,Premium,699,4.3,4,1,32,3,No,7,Jul,2024,9,Tue
36,11-06-2023,Basic,199,1.9,7,4,21,58,Yes,6,Jun,2023,11,Sun
37,29-08-2023,Basic,199,2.5,2,0,33,38,Yes,8,Aug,2023,29,Tue
38,25-03-2023,Standard,399,23.6,3,4,8,38,Yes,3,Mar,2023,25,Sat
39,02-09-2023,Standard,399,8.3,4,1,34,42,No,9,Sep,2023,2,Sat
40,16-03-2023,Standard,399,3.7,4,3,26,20,No,3,Mar,2023,16,Thu
41,29-09-2023,Basic,199,15.7,1,0,30,34,Yes,9,Sep,2023,29,Fri
42,10-07-2024,Basic,199,22.1,3,2,23,18,Yes,7,Jul,2024,10,Wed
43,03-11-2023,Premium,699,15.5,8,0,20,42,No,11,Nov,2023,3,Fri
44,20-07-2024,Premium,699,23.5,2,2,7,7,No,7,Jul,2024,20,Sat
45,11-10-2024,Basic,199,7.4,3,5,18,21,Yes,10,Oct,2024,11,Fri
46,11-10-2023,Standard,399,12.5,0,0,33,40,No,10,Oct,2023,11,Wed
47,28-03-2024,Basic,199,8.7,2,5,1,16,Yes,3,Mar,2024,28,Thu
48,02-06-2023,Premium,699,14.2,1,0,28,60,No,6,Jun,2023,2,Fri
49,12-11-2023,Premium,699,20.9,8,1,3,27,Yes,11,Nov,2023,12,Sun
50,29-12-2023,Standard,399,22.5,3,5,3,15,No,12,Dec,2023,29,Fri
51,01-07-2023,Premium,699,24.4,2,1,27,55,Yes,7,Jul,2023,1,Sat
52,12-09-2023,Standard,399,4.9,5,3,2,51,Yes,9,Sep,2023,12,Tue
53,26-04-2024,Standard,399,19.8,1,3,11,55,Yes,4,Apr,2024,26,Fri
54,22-08-2023,Basic,199,20.5,7,2,13,19,No,8,Aug,2023,22,Tue
55,13-10-2023,Basic,199,16.7,6,2,2,17,No,10,Oct,2023,13,Fri
56,25-09-2023,Standard,399,10.3,8,2,33,60,Yes,9,Sep,2023,25,Mon
57,22-03-2024,Basic,199,1.4,6,2,17,46,Yes,3,Mar,2024,22,Fri
58,02-01-2023,Premium,699,3.3,3,2,33,2,No,1,Jan,2023,2,Mon
59,11-11-2024,Premium,699,17.3,3,2,35,27,Yes,11,Nov,2024,11,Mon
60,13-11-2023,Standard,399,16.8,1,5,21,57,Yes,11,Nov,2023,13,Mon
61,11-11-2024,Premium,699,8.5,4,4,27,8,Yes,11,Nov,2024,11,Mon
62,08-11-2023,Standard,399,15.6,4,3,12,35,No,11,Nov,2023,8,Wed
63,07-08-2023,Standard,399,11,5,3,14,28,Yes,8,Aug,2023,7,Mon
64,10-11-2024,Premium,699,19.9,2,5,31,5,Yes,11,Nov,2024,10,Sun
65,23-07-2023,Premium,699,2.8,3,5,22,19,Yes,7,Jul,2023,23,Sun
66,11-04-2024,Basic,199,1.6,7,4,2,54,Yes,4,Apr,2024,11,Thu
67,02-11-2024,Standard,399,18.1,6,3,13,25,Yes,11,Nov,2024,2,Sat
68,13-12-2024,Premium,699,22.4,1,3,1,14,Yes,12,Dec,2024,13,Fri
69,20-04-2024,Premium,699,1.7,3,0,30,29,Yes,4,Apr,2024,20,Sat
70,31-05-2024,Premium,699,24.7,5,3,34,39,No,5,May,2024,31,Fri
71,23-09-2023,Standard,399,11.4,2,5,36,55,Yes,9,Sep,2023,23,Sat
72,26-03-2024,Basic,199,19.3,8,3,18,40,Yes,3,Mar,2024,26,Tue
73,22-05-2023,Basic,199,6.2,5,2,19,57,Yes,5,May,2023,22,Mon
74,22-02-2024,Basic,199,9.9,2,5,15,13,Yes,2,Feb,2024,22,Thu
75,21-08-2024,Standard,399,11.9,0,1,35,53,No,8,Aug,2024,21,Wed
76,02-11-2023,Premium,699,21.5,6,3,2,0,No,11,Nov,2023,2,Thu
77,13-08-2023,Standard,399,13.7,8,4,27,57,Yes,8,Aug,2023,13,Sun
78,19-02-2024,Standard,399,12.4,6,2,28,42,Yes,2,Feb,2024,19,Mon
79,08-02-2024,Premium,699,21.1,2,4,11,34,Yes,2,Feb,2024,8,Thu
80,21-02-2023,Premium,699,2.6,6,1,2,55,Yes,2,Feb,2023,21,Tue
81,24-01-2024,Standard,399,8.5,7,2,25,21,No,1,Jan,2024,24,Wed
82,23-02-2023,Standard,399,6.7,1,3,27,1,No,2,Feb,2023,23,Thu
83,21-01-2023,Standard,399,16.4,0,0,15,60,Yes,1,Jan,2023,21,Sat
84,12-08-2023,Premium,699,6.3,7,5,10,7,No,8,Aug,2023,12,Sat
85,28-04-2023,Standard,399,19.3,2,4,17,38,No,4,Apr,2023,28,Fri
86,20-01-2024,Basic,199,3.1,0,2,20,36,Yes,1,Jan,2024,20,Sat
87,01-12-2024,Standard,399,2.4,3,0,13,44,No,12,Dec,2024,1,Sun
88,15-01-2024,Premium,699,20,0,2,8,34,Yes,1,Jan,2024,15,Mon
89,19-03-2024,Basic,199,16.4,0,3,33,52,Yes,3,Mar,2024,19,Tue
90,28-10-2024,Standard,399,17.8,6,1,30,46,No,10,Oct,2024,28,Mon
91,02-10-2023,Standard,399,19.5,7,3,35,52,Yes,10,Oct,2023,2,Mon
92,20-04-2024,Standard,399,20.9,1,2,16,56,Yes,4,Apr,2024,20,Sat
93,30-12-2023,Premium,699,8.7,7,2,25,11,Yes,12,Dec,2023,30,Sat
94,15-07-2023,Standard,399,7.4,4,4,22,0,No,7,Jul,2023,15,Sat
95,02-05-2024,Basic,199,18.1,7,4,16,48,Yes,5,May,2024,2,Thu
96,09-12-2024,Premium,699,11.5,0,0,32,18,No,12,Dec,2024,9,Mon
97,11-03-2024,Basic,199,16.8,5,3,20,35,Yes,3,Mar,2024,11,Mon
98,04-05-2023,Premium,699,8.6,7,2,36,19,Yes,5,May,2023,4,Thu
99,10-05-2024,Premium,699,8.2,8,5,13,11,Yes,5,May,2024,10,Fri
100,03-07-2023,Standard,399,15.1,1,1,34,18,No,7,Jul,2023,3,Mon
101,20-07-2024,Standard,399,17.8,2,2,1,2,No,7,Jul,2024,20,Sat
102,19-10-2023,Standard,399,16.1,7,0,9,55,Yes,10,Oct,2023,19,Thu
103,04-05-2024,Standard,399,11.3,2,0,31,16,No,5,May,2024,4,Sat
104,05-06-2023,Basic,199,10.3,1,4,5,40,No,6,Jun,2023,5,Mon
105,12-09-2024,Basic,199,2.6,3,0,20,35,No,9,Sep,2024,12,Thu
106,25-08-2024,Premium,699,19.5,6,3,15,58,Yes,8,Aug,2024,25,Sun
107,01-08-2023,Standard,399,14.4,0,4,20,47,Yes,8,Aug,2023,1,Tue
108,18-03-2023,Premium,699,7,1,1,14,15,No,3,Mar,2023,18,Sat
109,24-12-2024,Basic,199,10.5,7,2,1,2,Yes,12,Dec,2024,24,Tue
110,26-08-2024,Standard,399,2.2,3,2,30,50,Yes,8,Aug,2024,26,Mon
111,30-09-2023,Premium,699,10.9,8,1,13,41,Yes,9,Sep,2023,30,Sat
112,23-10-2023,Basic,199,2,4,4,5,47,Yes,10,Oct,2023,23,Mon
113,27-05-2024,Standard,399,12,4,5,8,25,No,5,May,2024,27,Mon
114,14-09-2023,Premium,699,11.2,0,3,32,47,Yes,9,Sep,2023,14,Thu
115,11-02-2023,Basic,199,6.1,0,5,6,52,Yes,2,Feb,2023,11,Sat
116,22-03-2024,Basic,199,13.2,7,2,31,11,No,3,Mar,2024,22,Fri
117,17-11-2024,Premium,699,24.2,7,2,32,26,Yes,11,Nov,2024,17,Sun
118,17-07-2024,Basic,199,8.6,7,2,11,42,No,7,Jul,2024,17,Wed
119,18-02-2024,Basic,199,2.7,4,2,30,7,No,2,Feb,2024,18,Sun
120,14-06-2024,Premium,699,16.6,8,3,1,26,Yes,6,Jun,2024,14,Fri
121,22-10-2023,Standard,399,15.8,0,1,32,17,No,10,Oct,2023,22,Sun
122,15-01-2023,Standard,399,3.5,3,5,32,10,Yes,1,Jan,2023,15,Sun
123,07-06-2023,Premium,699,2.8,1,3,27,60,Yes,6,Jun,2023,7,Wed
124,28-04-2024,Standard,399,13,4,3,19,53,Yes,4,Apr,2024,28,Sun
125,20-05-2023,Basic,199,14,6,1,30,58,No,5,May,2023,20,Sat
126,01-10-2023,Basic,199,19.4,6,2,18,59,No,10,Oct,2023,1,Sun
127,20-12-2023,Basic,199,18.3,7,1,19,28,No,12,Dec,2023,20,Wed
128,13-07-2023,Standard,399,19.2,6,3,36,59,Yes,7,Jul,2023,13,Thu
129,29-04-2024,Premium,699,14.5,3,3,16,2,Yes,4,Apr,2024,29,Mon
130,27-08-2024,Premium,699,10,2,3,25,2,Yes,8,Aug,2024,27,Tue
131,16-01-2023,Standard,399,21.9,7,0,7,33,No,1,Jan,2023,16,Mon
132,29-09-2023,Premium,699,10.5,2,0,10,30,No,9,Sep,2023,29,Fri
133,21-11-2023,Standard,399,16.4,5,5,26,54,Yes,11,Nov,2023,21,Tue
134,01-12-2024,Premium,699,21.9,0,4,32,4,Yes,12,Dec,2024,1,Sun
135,13-04-2023,Standard,399,18.8,6,0,15,48,No,4,Apr,2023,13,Thu
136,28-10-2023,Standard,399,17.5,0,0,11,20,No,10,Oct,2023,28,Sat
137,04-07-2023,Standard,399,11.1,3,4,24,26,Yes,7,Jul,2023,4,Tue
138,20-08-2024,Basic,199,2.4,6,4,12,43,Yes,8,Aug,2024,20,Tue
139,21-04-2024,Basic,199,11.8,4,3,15,16,No,4,Apr,2024,21,Sun
140,10-03-2024,Standard,399,4.4,7,2,35,37,Yes,3,Mar,2024,10,Sun
141,20-04-2023,Premium,699,11.7,4,1,17,24,No,4,Apr,2023,20,Thu
142,05-11-2024,Basic,199,14.5,4,5,25,18,Yes,11,Nov,2024,5,Tue
143,21-10-2023,Standard,399,0.7,0,4,18,47,Yes,10,Oct,2023,21,Sat
144,06-11-2024,Basic,199,5.9,3,4,23,16,No,11,Nov,2024,6,Wed
145,16-08-2024,Premium,699,15.9,0,2,9,50,Yes,8,Aug,2024,16,Fri
146,25-07-2023,Standard,399,2.7,4,2,9,47,Yes,7,Jul,2023,25,Tue
147,18-06-2023,Basic,199,22,5,4,35,32,No,6,Jun,2023,18,Sun
148,28-04-2023,Standard,399,24.2,4,5,31,55,Yes,4,Apr,2023,28,Fri
149,11-02-2024,Standard,399,3.9,3,5,5,46,Yes,2,Feb,2024,11,Sun
150,10-04-2024,Premium,699,2.7,6,0,24,16,No,4,Apr,2024,10,Wed
151,26-01-2023,Standard,399,14.8,5,0,17,43,Yes,1,Jan,2023,26,Thu
152,20-04-2024,Premium,699,8.5,3,5,36,4,No,4,Apr,2024,20,Sat
153,08-11-2023,Premium,699,16.4,1,1,20,2,No,11,Nov,2023,8,Wed
154,17-11-2024,Standard,399,2.9,8,1,8,24,Yes,11,Nov,2024,17,Sun
155,16-05-2024,Premium,699,10.8,2,3,35,41,Yes,5,May,2024,16,Thu
156,30-03-2024,Premium,699,23.5,4,0,27,44,Yes,3,Mar,2024,30,Sat
157,22-10-2024,Standard,399,21.5,1,5,16,23,Yes,10,Oct,2024,22,Tue
158,10-04-2024,Standard,399,10.3,3,0,4,60,No,4,Apr,2024,10,Wed
159,09-05-2023,Basic,199,16.2,0,0,14,50,Yes,5,May,2023,9,Tue
160,27-08-2023,Premium,699,2.2,8,1,14,37,Yes,8,Aug,2023,27,Sun
161,14-05-2023,Standard,399,19.8,0,2,10,54,No,5,May,2023,14,Sun
162,16-01-2023,Premium,699,20.1,1,5,17,55,Yes,1,Jan,2023,16,Mon
163,07-03-2024,Standard,399,14.9,0,1,16,16,Yes,3,Mar,2024,7,Thu
164,30-08-2024,Premium,699,18.8,7,3,8,49,Yes,8,Aug,2024,30,Fri
165,05-11-2024,Basic,199,12.8,0,5,29,50,No,11,Nov,2024,5,Tue
166,12-03-2024,Premium,699,11.7,0,0,20,30,No,3,Mar,2024,12,Tue
167,14-09-2024,Premium,699,12.5,7,0,7,57,Yes,9,Sep,2024,14,Sat
168,03-09-2024,Basic,199,3.6,8,5,5,20,Yes,9,Sep,2024,3,Tue
169,01-11-2024,Premium,699,11.6,6,0,19,50,No,11,Nov,2024,1,Fri
170,28-02-2024,Premium,699,18.2,3,3,36,28,No,2,Feb,2024,28,Wed
171,19-09-2023,Standard,399,10.3,1,2,30,27,Yes,9,Sep,2023,19,Tue
172,06-04-2023,Standard,399,17.3,7,0,10,5,No,4,Apr,2023,6,Thu
173,29-07-2024,Standard,399,18.7,5,1,7,35,Yes,7,Jul,2024,29,Mon
174,09-03-2024,Premium,699,16.9,6,2,22,55,Yes,3,Mar,2024,9,Sat
175,06-08-2023,Premium,699,24.2,4,2,4,6,No,8,Aug,2023,6,Sun
176,28-04-2023,Basic,199,6,1,2,31,54,Yes,4,Apr,2023,28,Fri
177,24-07-2024,Standard,399,20.3,8,4,15,39,Yes,7,Jul,2024,24,Wed
178,14-12-2023,Basic,199,1.2,4,5,18,48,Yes,12,Dec,2023,14,Thu
179,26-05-2023,Standard,399,4.9,2,4,1,42,Yes,5,May,2023,26,Fri
180,16-12-2023,Premium,699,2.7,8,1,2,24,Yes,12,Dec,2023,16,Sat
181,23-02-2023,Basic,199,8.1,5,4,24,38,Yes,2,Feb,2023,23,Thu
182,08-11-2024,Basic,199,19,0,5,11,5,Yes,11,Nov,2024,8,Fri
183,27-04-2023,Standard,399,15.4,6,2,32,13,No,4,Apr,2023,27,Thu
184,14-08-2023,Standard,399,3.2,7,4,28,42,Yes,8,Aug,2023,14,Mon
185,19-09-2023,Standard,399,0.7,4,1,4,49,Yes,9,Sep,2023,19,Tue
186,25-01-2024,Standard,399,3.4,7,5,21,27,Yes,1,Jan,2024,25,Thu
187,13-02-2023,Premium,699,12.8,5,0,15,25,No,2,Feb,2023,13,Mon
188,19-02-2024,Standard,399,11.8,1,2,2,36,Yes,2,Feb,2024,19,Mon
189,24-09-2024,Premium,699,7.6,6,0,27,20,Yes,9,Sep,2024,24,Tue
190,20-06-2024,Standard,399,2.7,1,1,24,27,Yes,6,Jun,2024,20,Thu
191,20-03-2023,Basic,199,21.8,5,1,26,21,No,3,Mar,2023,20,Mon
192,22-10-2024,Premium,699,13.5,3,2,8,22,No,10,Oct,2024,22,Tue
193,02-11-2024,Basic,199,3,4,1,16,11,No,11,Nov,2024,2,Sat
194,16-08-2024,Basic,199,23.8,7,3,12,48,Yes,8,Aug,2024,16,Fri
195,28-03-2024,Standard,399,21.7,5,1,21,28,Yes,3,Mar,2024,28,Thu
196,17-04-2024,Premium,699,20,0,2,20,32,Yes,4,Apr,2024,17,Wed
197,03-04-2023,Standard,399,1.9,4,0,3,41,No,4,Apr,2023,3,Mon
198,08-08-2024,Premium,699,9.9,8,5,33,57,Yes,8,Aug,2024,8,Thu
199,06-04-2024,Premium,699,8.4,7,4,13,9,No,4,Apr,2024,6,Sat
200,11-09-2023,Basic,199,24.6,1,4,22,41,Yes,9,Sep,2023,11,Mon
201,17-01-2024,Premium,699,24.8,8,4,29,39,Yes,1,Jan,2024,17,Wed
202,08-10-2024,Standard,399,10.5,5,5,25,38,Yes,10,Oct,2024,8,Tue
203,16-09-2023,Premium,699,2.1,1,4,22,43,Yes,9,Sep,2023,16,Sat
204,16-12-2024,Premium,699,8.7,2,2,10,19,No,12,Dec,2024,16,Mon
205,03-12-2023,Premium,699,3.7,1,2,26,35,Yes,12,Dec,2023,3,Sun
206,13-11-2023,Basic,199,2.8,6,4,34,23,Yes,11,Nov,2023,13,Mon
207,08-06-2023,Basic,199,8.9,7,1,14,14,No,6,Jun,2023,8,Thu
208,23-06-2024,Basic,199,21.2,1,4,19,49,Yes,6,Jun,2024,23,Sun
209,05-07-2023,Basic,199,22,2,4,22,24,Yes,7,Jul,2023,5,Wed
210,01-09-2023,Premium,699,18.2,0,3,11,23,No,9,Sep,2023,1,Fri
211,25-04-2024,Standard,399,18.9,7,1,19,34,Yes,4,Apr,2024,25,Thu
212,27-01-2024,Basic,199,17.1,7,3,24,49,Yes,1,Jan,2024,27,Sat
213,14-09-2023,Premium,699,10.8,2,1,34,51,No,9,Sep,2023,14,Thu
214,08-05-2023,Basic,199,21.9,8,0,31,45,No,5,May,2023,8,Mon
215,23-03-2024,Standard,399,19.2,4,3,6,57,Yes,3,Mar,2024,23,Sat
216,29-05-2024,Basic,199,20.5,5,0,15,26,Yes,5,May,2024,29,Wed
217,12-04-2023,Standard,399,10,1,2,16,14,Yes,4,Apr,2023,12,Wed
218,28-04-2024,Premium,699,19.9,2,0,22,18,No,4,Apr,2024,28,Sun
219,23-03-2023,Premium,699,19.1,7,3,9,39,Yes,3,Mar,2023,23,Thu
220,24-06-2024,Basic,199,5.8,2,4,17,60,No,6,Jun,2024,24,Mon
221,05-03-2024,Standard,399,19.5,3,2,8,7,Yes,3,Mar,2024,5,Tue
222,11-06-2024,Premium,699,2,7,4,30,34,Yes,6,Jun,2024,11,Tue
223,04-09-2023,Premium,699,18.1,4,3,16,0,No,9,Sep,2023,4,Mon
224,22-06-2024,Premium,699,5.1,1,4,27,23,Yes,6,Jun,2024,22,Sat
225,26-04-2024,Premium,699,19.8,8,4,33,1,Yes,4,Apr,2024,26,Fri
226,11-03-2023,Basic,199,24.5,4,5,25,1,Yes,3,Mar,2023,11,Sat
227,17-05-2023,Standard,399,18.5,1,4,16,47,No,5,May,2023,17,Wed
228,05-05-2024,Basic,199,13.9,2,5,23,29,No,5,May,2024,5,Sun
229,07-02-2023,Premium,699,20.4,1,5,12,49,No,2,Feb,2023,7,Tue
230,11-06-2024,Standard,399,1.6,3,0,13,20,No,6,Jun,2024,11,Tue
231,18-02-2023,Standard,399,12.1,0,5,35,12,Yes,2,Feb,2023,18,Sat
232,26-03-2024,Premium,699,7.2,5,3,22,56,Yes,3,Mar,2024,26,Tue
233,15-06-2024,Standard,399,24.4,7,5,22,31,Yes,6,Jun,2024,15,Sat
234,04-07-2023,Standard,399,18.3,1,3,6,38,No,7,Jul,2023,4,Tue
235,01-04-2024,Premium,699,8.4,1,2,19,42,Yes,4,Apr,2024,1,Mon
236,28-12-2023,Premium,699,4.6,7,2,28,28,Yes,12,Dec,2023,28,Thu
237,08-01-2024,Premium,699,7.2,0,0,28,42,No,1,Jan,2024,8,Mon
238,05-02-2023,Premium,699,23.8,2,4,11,43,No,2,Feb,2023,5,Sun
239,03-02-2023,Basic,199,6.3,5,2,5,24,No,2,Feb,2023,3,Fri
240,10-08-2024,Premium,699,17.1,5,2,10,28,No,8,Aug,2024,10,Sat
241,27-04-2023,Basic,199,9.5,5,5,34,17,Yes,4,Apr,2023,27,Thu
242,24-09-2023,Basic,199,12.7,6,4,12,7,Yes,9,Sep,2023,24,Sun
243,24-07-2023,Premium,699,5.8,4,5,29,58,No,7,Jul,2023,24,Mon
244,31-03-2023,Basic,199,21.4,7,1,9,57,No,3,Mar,2023,31,Fri
245,04-11-2023,Premium,699,16.9,1,4,21,34,Yes,11,Nov,2023,4,Sat
246,23-05-2023,Basic,199,19.9,8,1,12,7,No,5,May,2023,23,Tue
247,18-07-2024,Basic,199,1.1,8,4,32,23,Yes,7,Jul,2024,18,Thu
248,25-02-2024,Basic,199,2.1,6,5,6,46,Yes,2,Feb,2024,25,Sun
249,27-11-2024,Standard,399,3.6,5,5,5,4,Yes,11,Nov,2024,27,Wed
250,13-05-2023,Premium,699,3.6,8,5,23,37,Yes,5,May,2023,13,Sat
251,18-06-2023,Standard,399,22.8,0,0,33,33,Yes,6,Jun,2023,18,Sun
252,18-10-2023,Basic,199,23.4,3,2,21,60,No,10,Oct,2023,18,Wed
253,21-09-2024,Basic,199,5.3,8,2,17,8,No,9,Sep,2024,21,Sat
254,25-06-2023,Premium,699,12.8,2,4,6,60,Yes,6,Jun,2023,25,Sun
255,18-10-2024,Premium,699,21.1,0,0,22,5,Yes,10,Oct,2024,18,Fri
256,04-10-2024,Premium,699,16.5,6,4,17,40,Yes,10,Oct,2024,4,Fri
257,02-12-2024,Premium,699,16.2,4,3,19,15,No,12,Dec,2024,2,Mon
258,20-04-2024,Standard,399,11.6,0,1,20,28,No,4,Apr,2024,20,Sat
259,20-12-2023,Basic,199,15.4,5,5,22,20,No,12,Dec,2023,20,Wed
260,22-04-2024,Standard,399,19.1,8,4,9,6,Yes,4,Apr,2024,22,Mon
261,29-01-2024,Basic,199,11.5,2,0,18,3,No,1,Jan,2024,29,Mon
262,17-11-2023,Premium,699,6.6,2,2,27,59,Yes,11,Nov,2023,17,Fri
263,24-05-2024,Basic,199,12.7,8,3,11,31,No,5,May,2024,24,Fri
264,28-12-2023,Basic,199,23.7,8,3,6,15,Yes,12,Dec,2023,28,Thu
265,21-04-2023,Basic,199,7.4,7,2,4,34,Yes,4,Apr,2023,21,Fri
266,22-02-2023,Standard,399,22.1,5,3,9,23,Yes,2,Feb,2023,22,Wed
267,06-04-2024,Premium,699,5.3,8,2,36,4,Yes,4,Apr,2024,6,Sat
268,14-12-2023,Premium,699,20.7,1,1,18,6,No,12,Dec,2023,14,Thu
269,11-02-2023,Premium,699,19,3,4,24,32,Yes,2,Feb,2023,11,Sat
270,12-09-2024,Basic,199,3.9,5,3,3,33,Yes,9,Sep,2024,12,Thu
271,03-11-2023,Premium,699,8.5,5,1,9,25,No,11,Nov,2023,3,Fri
272,03-11-2023,Premium,699,12.9,8,4,22,31,Yes,11,Nov,2023,3,Fri
273,05-12-2024,Standard,399,9.5,1,3,2,37,Yes,12,Dec,2024,5,Thu
274,15-08-2024,Premium,699,15.1,4,5,2,50,No,8,Aug,2024,15,Thu
275,26-09-2024,Premium,699,18.2,7,1,15,33,No,9,Sep,2024,26,Thu
276,23-04-2023,Standard,399,20.6,3,0,10,36,No,4,Apr,2023,23,Sun
277,25-02-2024,Basic,199,11.3,6,1,2,26,No,2,Feb,2024,25,Sun
278,28-07-2024,Premium,699,21.9,0,5,31,8,No,7,Jul,2024,28,Sun
279,17-12-2023,Standard,399,13.4,5,1,31,29,No,12,Dec,2023,17,Sun
280,10-09-2023,Premium,699,17.1,4,4,23,30,Yes,9,Sep,2023,10,Sun
281,22-12-2024,Standard,399,7.8,4,2,36,45,Yes,12,Dec,2024,22,Sun
282,10-08-2024,Standard,399,12.3,8,5,21,17,Yes,8,Aug,2024,10,Sat
283,25-10-2023,Premium,699,9.8,6,2,35,49,No,10,Oct,2023,25,Wed
284,20-09-2023,Basic,199,23.9,1,2,19,59,Yes,9,Sep,2023,20,Wed
285,06-10-2023,Premium,699,5.7,8,2,31,59,Yes,10,Oct,2023,6,Fri
286,27-06-2024,Basic,199,15.6,3,1,7,3,No,6,Jun,2024,27,Thu
287,28-11-2024,Basic,199,1.8,6,2,15,45,Yes,11,Nov,2024,28,Thu
288,02-05-2024,Basic,199,24.1,2,3,1,41,No,5,May,2024,2,Thu
289,02-04-2023,Standard,399,19,4,2,13,18,No,4,Apr,2023,2,Sun
290,30-06-2023,Premium,699,13.6,0,1,15,26,No,6,Jun,2023,30,Fri
291,08-02-2023,Basic,199,19.8,2,5,26,55,No,2,Feb,2023,8,Wed
292,18-10-2024,Basic,199,14.4,1,2,20,18,No,10,Oct,2024,18,Fri
293,26-04-2023,Premium,699,12.6,2,4,34,29,Yes,4,Apr,2023,26,Wed
294,12-12-2023,Standard,399,18.4,4,5,11,11,Yes,12,Dec,2023,12,Tue
295,15-02-2024,Standard,399,4.8,6,3,13,32,Yes,2,Feb,2024,15,Thu
296,07-01-2023,Premium,699,5,2,3,7,20,No,1,Jan,2023,7,Sat
297,09-08-2024,Standard,399,6.3,4,2,25,19,No,8,Aug,2024,9,Fri
298,11-11-2023,Basic,199,16.5,3,0,17,42,Yes,11,Nov,2023,11,Sat
299,30-10-2023,Basic,199,17.3,4,5,26,7,No,10,Oct,2023,30,Mon
300,12-09-2024,Standard,399,5.9,2,3,15,9,No,9,Sep,2024,12,Thu
301,12-08-2023,Standard,399,17.7,7,4,27,51,Yes,8,Aug,2023,12,Sat
302,31-07-2024,Basic,199,13.4,8,5,6,23,Yes,7,Jul,2024,31,Wed
303,18-06-2023,Basic,199,20.8,8,1,4,36,No,6,Jun,2023,18,Sun
304,06-06-2024,Standard,399,11.3,3,5,34,37,Yes,6,Jun,2024,6,Thu
305,26-07-2024,Standard,399,11.6,8,3,4,29,Yes,7,Jul,2024,26,Fri
306,12-08-2023,Standard,399,18.2,6,2,20,52,Yes,8,Aug,2023,12,Sat
307,03-03-2023,Premium,699,1.6,5,5,5,4,Yes,3,Mar,2023,3,Fri
308,18-10-2024,Basic,199,1.3,6,1,31,49,Yes,10,Oct,2024,18,Fri
309,22-01-2024,Premium,699,9.7,6,3,27,55,No,1,Jan,2024,22,Mon
310,02-05-2023,Standard,399,17.2,8,1,6,41,No,5,May,2023,2,Tue
311,24-01-2023,Basic,199,10.1,2,5,35,14,No,1,Jan,2023,24,Tue
312,24-08-2023,Standard,399,17,8,3,30,34,Yes,8,Aug,2023,24,Thu
313,26-04-2023,Basic,199,9,4,1,30,59,No,4,Apr,2023,26,Wed
314,31-08-2024,Basic,199,15.6,0,1,27,13,Yes,8,Aug,2024,31,Sat
315,25-03-2024,Basic,199,15.1,0,1,29,47,Yes,3,Mar,2024,25,Mon
316,28-08-2023,Basic,199,5.8,0,1,35,32,No,8,Aug,2023,28,Mon
317,07-11-2024,Premium,699,14.6,5,1,21,19,No,11,Nov,2024,7,Thu
318,29-06-2023,Premium,699,10.6,4,0,15,35,No,6,Jun,2023,29,Thu
319,26-01-2024,Premium,699,14.1,0,2,28,60,No,1,Jan,2024,26,Fri
320,04-07-2024,Premium,699,17.6,6,1,21,19,No,7,Jul,2024,4,Thu
321,01-03-2023,Standard,399,21.3,4,5,16,9,No,3,Mar,2023,1,Wed
322,19-09-2023,Premium,699,24.2,8,4,27,8,Yes,9,Sep,2023,19,Tue
323,15-07-2023,Basic,199,16.3,7,2,22,5,No,7,Jul,2023,15,Sat
324,24-08-2024,Basic,199,9.7,0,0,18,12,No,8,Aug,2024,24,Sat
325,16-01-2023,Premium,699,5.8,3,2,36,19,No,1,Jan,2023,16,Mon
326,06-09-2023,Basic,199,24.1,1,5,13,48,Yes,9,Sep,2023,6,Wed
327,25-01-2024,Premium,699,10.2,3,4,14,20,No,1,Jan,2024,25,Thu
328,24-05-2024,Standard,399,16.4,4,2,35,23,Yes,5,May,2024,24,Fri
329,17-11-2023,Standard,399,20.2,7,2,7,58,Yes,11,Nov,2023,17,Fri
330,20-07-2024,Standard,399,14.3,3,5,3,9,Yes,7,Jul,2024,20,Sat
331,09-09-2023,Premium,699,7.7,3,2,27,14,No,9,Sep,2023,9,Sat
332,19-10-2024,Standard,399,16.5,5,2,36,48,No,10,Oct,2024,19,Sat
333,15-05-2024,Premium,699,11.8,5,1,32,8,No,5,May,2024,15,Wed
334,18-03-2023,Basic,199,24.8,0,4,35,2,No,3,Mar,2023,18,Sat
335,11-03-2023,Premium,699,19.2,6,1,4,53,No,3,Mar,2023,11,Sat
336,15-10-2024,Premium,699,0.7,8,3,10,23,Yes,10,Oct,2024,15,Tue
337,13-01-2023,Premium,699,16.7,0,0,31,34,No,1,Jan,2023,13,Fri
338,15-12-2024,Basic,199,18.2,8,2,34,1,No,12,Dec,2024,15,Sun
339,02-06-2023,Premium,699,20.3,2,0,28,58,Yes,6,Jun,2023,2,Fri
340,22-03-2023,Basic,199,15.7,4,2,13,17,No,3,Mar,2023,22,Wed
341,24-03-2023,Standard,399,11.7,3,5,26,14,Yes,3,Mar,2023,24,Fri
342,14-10-2024,Premium,699,2.8,6,3,3,35,Yes,10,Oct,2024,14,Mon
343,08-04-2023,Basic,199,2.5,6,5,11,50,Yes,4,Apr,2023,8,Sat
344,01-12-2024,Premium,699,6.1,7,2,3,2,No,12,Dec,2024,1,Sun
345,17-01-2023,Standard,399,14.3,0,1,35,59,No,1,Jan,2023,17,Tue
346,04-09-2023,Basic,199,18.9,6,0,10,19,Yes,9,Sep,2023,4,Mon
347,24-05-2023,Premium,699,17.1,8,2,25,24,No,5,May,2023,24,Wed
348,19-03-2023,Premium,699,12.8,5,0,6,6,No,3,Mar,2023,19,Sun
349,06-04-2024,Standard,399,24.2,5,0,26,40,Yes,4,Apr,2024,6,Sat
350,07-11-2024,Standard,399,9.2,6,3,15,11,No,11,Nov,2024,7,Thu
351,02-10-2023,Standard,399,19.4,4,1,6,45,Yes,10,Oct,2023,2,Mon
352,20-04-2023,Basic,199,17.9,2,5,25,24,Yes,4,Apr,2023,20,Thu
353,16-05-2023,Basic,199,23.6,7,2,1,48,Yes,5,May,2023,16,Tue
354,27-01-2023,Basic,199,11.1,8,4,12,32,Yes,1,Jan,2023,27,Fri
355,02-02-2024,Basic,199,14.1,5,3,23,0,Yes,2,Feb,2024,2,Fri
356,25-01-2024,Basic,199,22.7,3,4,36,33,Yes,1,Jan,2024,25,Thu
357,21-03-2024,Basic,199,7.1,4,3,9,9,Yes,3,Mar,2024,21,Thu
358,02-10-2024,Standard,399,7.8,1,2,27,16,No,10,Oct,2024,2,Wed
359,07-12-2023,Standard,399,11.7,2,2,13,0,No,12,Dec,2023,7,Thu
360,28-10-2024,Premium,699,20.2,5,3,25,21,Yes,10,Oct,2024,28,Mon
361,12-02-2024,Premium,699,7.9,3,3,9,20,Yes,2,Feb,2024,12,Mon
362,21-01-2024,Standard,399,18.5,7,4,19,50,Yes,1,Jan,2024,21,Sun
363,17-07-2024,Standard,399,9.4,3,4,26,34,Yes,7,Jul,2024,17,Wed
364,10-12-2024,Basic,199,23.6,3,3,30,51,Yes,12,Dec,2024,10,Tue
365,05-11-2024,Basic,199,17,2,5,27,19,Yes,11,Nov,2024,5,Tue
366,15-02-2024,Basic,199,19.8,1,3,28,38,Yes,2,Feb,2024,15,Thu
367,04-01-2024,Premium,699,23.1,6,4,33,2,No,1,Jan,2024,4,Thu
368,11-11-2024,Premium,699,15,1,0,35,49,Yes,11,Nov,2024,11,Mon
369,14-02-2024,Standard,399,16.4,0,4,11,41,No,2,Feb,2024,14,Wed
370,15-06-2024,Standard,399,3.1,1,2,28,14,Yes,6,Jun,2024,15,Sat
371,08-12-2024,Premium,699,11.4,6,3,15,49,Yes,12,Dec,2024,8,Sun
372,29-03-2023,Premium,699,9,0,3,10,6,Yes,3,Mar,2023,29,Wed
373,09-05-2024,Basic,199,9,5,3,10,50,Yes,5,May,2024,9,Thu
374,28-12-2024,Standard,399,2.9,7,2,31,4,Yes,12,Dec,2024,28,Sat
375,07-09-2023,Basic,199,21.3,1,5,2,51,Yes,9,Sep,2023,7,Thu
376,26-08-2023,Premium,699,14,5,4,12,27,No,8,Aug,2023,26,Sat
377,22-07-2023,Standard,399,5.1,6,3,12,1,No,7,Jul,2023,22,Sat
378,06-03-2023,Standard,399,10,3,1,28,17,No,3,Mar,2023,6,Mon
379,13-04-2024,Premium,699,20.1,8,1,7,23,Yes,4,Apr,2024,13,Sat
380,02-02-2024,Basic,199,16.9,7,4,17,40,Yes,2,Feb,2024,2,Fri
381,26-06-2023,Premium,699,14.9,5,2,26,54,Yes,6,Jun,2023,26,Mon
382,02-09-2023,Premium,699,23,1,5,20,8,Yes,9,Sep,2023,2,Sat
383,22-05-2023,Standard,399,5,2,4,8,24,Yes,5,May,2023,22,Mon
384,22-10-2024,Premium,699,10.9,7,5,25,34,Yes,10,Oct,2024,22,Tue
385,06-04-2024,Basic,199,4.6,4,1,36,11,Yes,4,Apr,2024,6,Sat
386,29-01-2024,Premium,699,21.7,0,3,4,8,Yes,1,Jan,2024,29,Mon
387,30-03-2024,Premium,699,16.5,6,5,33,31,Yes,3,Mar,2024,30,Sat
388,19-08-2023,Standard,399,2.5,0,1,11,18,Yes,8,Aug,2023,19,Sat
389,22-05-2024,Premium,699,4.6,7,4,19,47,Yes,5,May,2024,22,Wed
390,11-01-2024,Premium,699,3.3,1,2,33,49,Yes,1,Jan,2024,11,Thu
391,15-04-2023,Premium,699,19.1,7,4,3,13,No,4,Apr,2023,15,Sat
392,31-03-2023,Premium,699,7.8,0,3,16,16,Yes,3,Mar,2023,31,Fri
393,06-12-2024,Standard,399,19.5,3,1,8,51,No,12,Dec,2024,6,Fri
394,02-03-2023,Standard,399,4.6,2,1,28,52,Yes,3,Mar,2023,2,Thu
395,27-10-2023,Premium,699,13.5,8,1,23,20,No,10,Oct,2023,27,Fri
396,26-02-2024,Standard,399,23.8,8,5,18,52,Yes,2,Feb,2024,26,Mon
397,30-05-2023,Basic,199,21.7,2,5,18,55,Yes,5,May,2023,30,Tue
398,03-10-2023,Premium,699,20.8,6,3,21,9,No,10,Oct,2023,3,Tue
399,06-04-2023,Premium,699,9.7,1,5,27,50,No,4,Apr,2023,6,Thu
400,18-08-2024,Standard,399,18.9,5,3,33,60,Yes,8,Aug,2024,18,Sun
401,06-03-2023,Basic,199,18.4,7,5,6,42,Yes,3,Mar,2023,6,Mon
402,18-10-2023,Premium,699,5.8,6,1,26,31,Yes,10,Oct,2023,18,Wed
403,19-02-2023,Standard,399,14.7,7,2,36,57,Yes,2,Feb,2023,19,Sun
404,11-06-2023,Basic,199,15.8,7,0,7,7,No,6,Jun,2023,11,Sun
405,27-10-2024,Standard,399,0.5,6,1,30,44,No,10,Oct,2024,27,Sun
406,26-03-2023,Standard,399,21.9,4,0,11,41,Yes,3,Mar,2023,26,Sun
407,15-03-2024,Standard,399,1.8,4,5,11,44,Yes,3,Mar,2024,15,Fri
408,30-08-2024,Premium,699,17.7,0,1,6,30,Yes,8,Aug,2024,30,Fri
409,04-05-2023,Basic,199,17.2,0,0,34,44,Yes,5,May,2023,4,Thu
410,15-04-2023,Standard,399,12.2,3,3,9,5,No,4,Apr,2023,15,Sat
411,17-05-2023,Basic,199,9.5,4,1,21,24,No,5,May,2023,17,Wed
412,26-12-2023,Premium,699,2.2,0,4,10,41,Yes,12,Dec,2023,26,Tue
413,11-08-2023,Premium,699,15.9,2,3,14,39,No,8,Aug,2023,11,Fri
414,15-03-2024,Basic,199,3.9,1,4,7,46,Yes,3,Mar,2024,15,Fri
415,14-09-2024,Standard,399,6.6,1,1,9,35,No,9,Sep,2024,14,Sat
416,13-07-2023,Standard,399,21.3,4,1,2,33,No,7,Jul,2023,13,Thu
417,04-09-2023,Premium,699,7.7,0,1,26,31,No,9,Sep,2023,4,Mon
418,01-02-2024,Standard,399,13.4,0,2,5,59,Yes,2,Feb,2024,1,Thu
419,24-08-2024,Premium,699,9.5,2,3,27,49,Yes,8,Aug,2024,24,Sat
420,02-06-2024,Basic,199,6.9,0,0,1,60,No,6,Jun,2024,2,Sun
421,03-07-2024,Standard,399,19.3,6,5,33,25,Yes,7,Jul,2024,3,Wed
422,09-06-2023,Premium,699,7.3,4,0,10,32,No,6,Jun,2023,9,Fri
423,02-09-2023,Premium,699,10.1,1,2,21,44,Yes,9,Sep,2023,2,Sat
424,26-02-2023,Basic,199,2.6,6,0,16,29,Yes,2,Feb,2023,26,Sun
425,22-12-2023,Standard,399,3.4,2,5,12,0,Yes,12,Dec,2023,22,Fri
426,03-10-2023,Premium,699,19.7,4,1,34,23,Yes,10,Oct,2023,3,Tue
427,20-06-2024,Premium,699,19.4,0,2,8,51,Yes,6,Jun,2024,20,Thu
428,26-02-2023,Basic,199,18,1,3,17,29,Yes,2,Feb,2023,26,Sun
429,29-04-2023,Standard,399,9.5,4,0,11,57,No,4,Apr,2023,29,Sat
430,28-01-2024,Basic,199,0.6,0,1,33,2,No,1,Jan,2024,28,Sun
431,02-11-2024,Basic,199,23.3,0,4,12,51,No,11,Nov,2024,2,Sat
432,21-03-2023,Standard,399,8.4,6,5,15,20,Yes,3,Mar,2023,21,Tue
433,17-02-2023,Premium,699,3.4,0,1,24,14,No,2,Feb,2023,17,Fri
434,12-04-2024,Standard,399,22,4,2,5,20,Yes,4,Apr,2024,12,Fri
435,13-01-2024,Basic,199,5.4,4,5,24,39,Yes,1,Jan,2024,13,Sat
436,09-09-2023,Premium,699,24.9,3,5,32,57,Yes,9,Sep,2023,9,Sat
437,11-12-2024,Basic,199,23.3,0,1,1,34,Yes,12,Dec,2024,11,Wed
438,30-07-2023,Basic,199,0.5,6,5,22,46,Yes,7,Jul,2023,30,Sun
439,14-02-2023,Premium,699,10.8,0,1,16,45,Yes,2,Feb,2023,14,Tue
440,08-04-2023,Basic,199,10.6,5,3,34,47,Yes,4,Apr,2023,8,Sat
441,21-03-2024,Premium,699,16.1,6,0,9,37,No,3,Mar,2024,21,Thu
442,18-12-2024,Premium,699,6.3,4,2,9,59,No,12,Dec,2024,18,Wed
443,20-05-2023,Premium,699,8.3,4,1,21,4,No,5,May,2023,20,Sat
444,04-05-2023,Premium,699,4.3,2,3,7,29,Yes,5,May,2023,4,Thu
445,03-05-2023,Premium,699,24.1,3,3,23,19,No,5,May,2023,3,Wed
446,09-08-2023,Basic,199,20.3,4,5,11,44,Yes,8,Aug,2023,9,Wed
447,24-11-2024,Standard,399,2.7,3,2,10,25,Yes,11,Nov,2024,24,Sun
448,08-04-2024,Standard,399,20.6,2,0,17,60,No,4,Apr,2024,8,Mon
449,05-05-2023,Premium,699,6.6,7,0,36,51,No,5,May,2023,5,Fri
450,17-01-2024,Basic,199,20.8,3,1,4,12,No,1,Jan,2024,17,Wed
451,22-07-2023,Premium,699,14.8,4,0,6,1,No,7,Jul,2023,22,Sat
452,17-04-2024,Premium,699,20.3,1,2,29,7,Yes,4,Apr,2024,17,Wed
453,27-01-2024,Basic,199,23.1,6,5,11,25,Yes,1,Jan,2024,27,Sat
454,02-06-2023,Premium,699,4.7,3,1,28,17,Yes,6,Jun,2023,2,Fri
455,04-03-2023,Basic,199,16.4,7,3,16,56,Yes,3,Mar,2023,4,Sat
456,22-06-2024,Basic,199,9.9,6,1,18,41,No,6,Jun,2024,22,Sat
457,11-05-2024,Basic,199,20,6,5,35,22,Yes,5,May,2024,11,Sat
458,13-08-2023,Standard,399,8.4,4,1,33,1,No,8,Aug,2023,13,Sun
459,27-08-2023,Basic,199,1.9,7,4,18,22,Yes,8,Aug,2023,27,Sun
460,27-02-2023,Basic,199,6.6,3,2,7,34,No,2,Feb,2023,27,Mon
461,15-12-2024,Basic,199,9.2,2,1,25,15,No,12,Dec,2024,15,Sun
462,12-07-2023,Standard,399,17.7,5,4,2,36,Yes,7,Jul,2023,12,Wed
463,08-09-2024,Standard,399,8.1,7,0,35,5,Yes,9,Sep,2024,8,Sun
464,14-05-2023,Basic,199,13.4,0,2,2,58,No,5,May,2023,14,Sun
465,22-12-2024,Standard,399,23,5,0,12,1,Yes,12,Dec,2024,22,Sun
466,09-11-2024,Basic,199,21.2,5,0,8,23,No,11,Nov,2024,9,Sat
467,23-03-2024,Standard,399,8.7,5,1,7,10,No,3,Mar,2024,23,Sat
468,20-09-2024,Premium,699,16.4,2,5,32,35,No,9,Sep,2024,20,Fri
469,29-10-2023,Standard,399,16.8,2,3,15,19,No,10,Oct,2023,29,Sun
470,22-11-2023,Basic,199,18.4,6,4,12,2,Yes,11,Nov,2023,22,Wed
471,21-03-2023,Premium,699,16.2,1,3,15,9,Yes,3,Mar,2023,21,Tue
472,26-12-2024,Basic,199,24.6,2,5,23,56,No,12,Dec,2024,26,Thu
473,25-12-2023,Premium,699,11.4,4,1,22,15,No,12,Dec,2023,25,Mon
474,20-06-2023,Standard,399,18.2,0,3,7,28,No,6,Jun,2023,20,Tue
475,05-05-2024,Standard,399,22.1,5,4,32,24,Yes,5,May,2024,5,Sun
476,25-09-2023,Premium,699,4.5,1,0,15,18,Yes,9,Sep,2023,25,Mon
477,06-04-2023,Basic,199,8.9,6,1,5,46,Yes,4,Apr,2023,6,Thu
478,20-03-2024,Standard,399,17.8,6,5,31,10,No,3,Mar,2024,20,Wed
479,07-07-2024,Basic,199,3,3,1,4,26,No,7,Jul,2024,7,Sun
480,17-05-2024,Standard,399,7.8,1,0,19,25,No,5,May,2024,17,Fri
481,02-10-2024,Basic,199,9.3,6,0,4,18,No,10,Oct,2024,2,Wed
482,25-03-2023,Premium,699,5.4,0,1,31,10,No,3,Mar,2023,25,Sat
483,29-09-2023,Standard,399,8.1,6,3,8,31,No,9,Sep,2023,29,Fri
484,15-02-2023,Basic,199,10,5,3,35,23,Yes,2,Feb,2023,15,Wed
485,14-12-2024,Standard,399,11.9,3,2,29,36,Yes,12,Dec,2024,14,Sat
486,26-08-2024,Premium,699,2.6,5,4,7,26,Yes,8,Aug,2024,26,Mon
487,04-12-2024,Basic,199,2,6,4,36,26,Yes,12,Dec,2024,4,Wed
488,05-02-2023,Standard,399,12.2,1,3,16,57,No,2,Feb,2023,5,Sun
489,27-06-2023,Premium,699,20.1,2,0,34,60,No,6,Jun,2023,27,Tue
490,30-11-2024,Basic,199,20.3,2,0,14,27,Yes,11,Nov,2024,30,Sat
491,10-03-2023,Standard,399,24.9,2,4,13,16,Yes,3,Mar,2023,10,Fri
492,14-04-2024,Basic,199,14.1,8,2,25,54,Yes,4,Apr,2024,14,Sun
493,25-08-2024,Basic,199,19.7,1,3,34,9,Yes,8,Aug,2024,25,Sun
494,19-12-2023,Premium,699,23.2,1,2,7,55,Yes,12,Dec,2023,19,Tue
495,26-06-2023,Standard,399,9.9,7,4,17,38,Yes,6,Jun,2023,26,Mon
496,06-12-2023,Standard,399,4,6,0,26,25,No,12,Dec,2023,6,Wed
497,12-12-2023,Premium,699,1.7,7,2,16,57,Yes,12,Dec,2023,12,Tue
498,22-08-2023,Standard,399,7.4,7,5,20,43,Yes,8,Aug,2023,22,Tue
499,11-09-2024,Basic,199,24.4,7,2,20,17,No,9,Sep,2024,11,Wed
500,12-06-2024,Premium,699,5.1,3,3,6,47,Yes,6,Jun,2024,12,Wed
501,18-02-2024,Standard,399,13.1,2,0,4,19,No,2,Feb,2024,18,Sun
502,25-07-2023,Basic,199,22,0,1,34,12,No,7,Jul,2023,25,Tue
503,13-01-2024,Basic,199,1.3,0,2,16,45,Yes,1,Jan,2024,13,Sat
504,15-05-2024,Standard,399,10.2,1,5,33,1,Yes,5,May,2024,15,Wed
505,17-06-2023,Premium,699,4.9,7,4,29,35,Yes,6,Jun,2023,17,Sat
506,08-08-2023,Standard,399,7.5,6,0,6,10,No,8,Aug,2023,8,Tue
507,29-11-2024,Basic,199,17.1,4,5,15,26,Yes,11,Nov,2024,29,Fri
508,16-09-2023,Basic,199,22.8,2,4,31,51,Yes,9,Sep,2023,16,Sat
509,24-12-2023,Premium,699,18,4,3,20,57,Yes,12,Dec,2023,24,Sun
510,11-02-2024,Standard,399,5.8,4,5,17,33,No,2,Feb,2024,11,Sun
511,17-10-2023,Premium,699,0.7,5,4,7,41,Yes,10,Oct,2023,17,Tue
512,11-10-2023,Standard,399,12.3,5,2,7,40,Yes,10,Oct,2023,11,Wed
513,06-09-2024,Standard,399,5.1,8,1,20,57,Yes,9,Sep,2024,6,Fri
514,23-09-2023,Standard,399,17.2,0,5,21,31,No,9,Sep,2023,23,Sat
515,14-07-2023,Standard,399,10,0,4,26,45,No,7,Jul,2023,14,Fri
516,24-06-2023,Standard,399,17.3,7,5,15,22,Yes,6,Jun,2023,24,Sat
517,26-07-2024,Premium,699,4.9,1,3,36,8,No,7,Jul,2024,26,Fri
518,11-11-2023,Basic,199,16.5,3,2,22,14,No,11,Nov,2023,11,Sat
519,24-02-2023,Standard,399,9.6,4,3,22,54,Yes,2,Feb,2023,24,Fri
520,26-01-2024,Premium,699,12.1,3,4,5,7,No,1,Jan,2024,26,Fri
521,06-08-2024,Premium,699,10.6,2,1,20,12,No,8,Aug,2024,6,Tue
522,01-07-2023,Standard,399,8.3,2,0,10,31,Yes,7,Jul,2023,1,Sat
523,13-08-2024,Standard,399,0.6,4,1,4,48,No,8,Aug,2024,13,Tue
524,15-03-2024,Basic,199,19.7,1,1,32,39,No,3,Mar,2024,15,Fri
525,18-01-2024,Standard,399,24.2,6,0,28,2,No,1,Jan,2024,18,Thu
526,03-10-2024,Basic,199,19,8,1,21,1,No,10,Oct,2024,3,Thu
527,30-05-2024,Premium,699,6,5,2,16,8,Yes,5,May,2024,30,Thu
528,16-06-2024,Premium,699,4.6,0,2,20,60,Yes,6,Jun,2024,16,Sun
529,12-07-2023,Premium,699,8.8,2,2,34,57,Yes,7,Jul,2023,12,Wed
530,23-01-2023,Basic,199,1,3,5,26,8,Yes,1,Jan,2023,23,Mon
531,20-01-2024,Premium,699,4.6,5,5,33,41,Yes,1,Jan,2024,20,Sat
532,31-10-2024,Premium,699,19.4,0,4,17,3,No,10,Oct,2024,31,Thu
533,16-09-2023,Basic,199,17.4,6,3,4,24,Yes,9,Sep,2023,16,Sat
534,09-11-2024,Standard,399,5.5,0,2,10,26,No,11,Nov,2024,9,Sat
535,07-06-2024,Premium,699,15.8,2,3,18,53,No,6,Jun,2024,7,Fri
536,27-09-2023,Premium,699,7.4,1,3,8,12,No,9,Sep,2023,27,Wed
537,23-05-2024,Premium,699,9.3,6,2,13,10,Yes,5,May,2024,23,Thu
538,24-04-2023,Basic,199,8.6,0,0,31,42,Yes,4,Apr,2023,24,Mon
539,14-04-2023,Premium,699,4.2,1,4,32,4,No,4,Apr,2023,14,Fri
540,28-06-2023,Standard,399,11.7,4,2,15,29,Yes,6,Jun,2023,28,Wed
541,16-02-2023,Basic,199,9.3,5,3,19,47,Yes,2,Feb,2023,16,Thu
542,28-09-2024,Basic,199,16.8,2,2,9,22,No,9,Sep,2024,28,Sat
543,12-04-2024,Standard,399,9.6,5,1,6,7,No,4,Apr,2024,12,Fri
544,20-06-2023,Standard,399,17.4,7,3,25,41,No,6,Jun,2023,20,Tue
545,27-08-2024,Basic,199,17.6,0,1,9,6,No,8,Aug,2024,27,Tue
546,01-12-2024,Standard,399,4.9,6,2,29,39,Yes,12,Dec,2024,1,Sun
547,17-02-2023,Premium,699,12.3,7,0,9,56,Yes,2,Feb,2023,17,Fri
548,13-08-2024,Basic,199,16.5,0,5,17,55,No,8,Aug,2024,13,Tue
549,25-09-2024,Premium,699,24.5,5,4,15,33,Yes,9,Sep,2024,25,Wed
550,18-10-2024,Basic,199,16.7,3,3,28,22,No,10,Oct,2024,18,Fri
551,10-06-2023,Standard,399,21.1,8,4,10,3,Yes,6,Jun,2023,10,Sat
552,04-09-2023,Premium,699,21.4,2,0,31,48,No,9,Sep,2023,4,Mon
553,29-08-2023,Standard,399,1.7,3,4,18,41,Yes,8,Aug,2023,29,Tue
554,20-11-2023,Basic,199,11.4,7,0,30,54,Yes,11,Nov,2023,20,Mon
555,24-07-2024,Basic,199,18.8,0,0,32,25,No,7,Jul,2024,24,Wed
556,18-11-2024,Premium,699,20.7,4,4,1,35,Yes,11,Nov,2024,18,Mon
557,27-07-2024,Standard,399,9.4,0,1,22,54,No,7,Jul,2024,27,Sat
558,05-11-2024,Premium,699,18.1,5,5,31,28,Yes,11,Nov,2024,5,Tue
559,19-04-2023,Basic,199,8.9,4,4,1,33,Yes,4,Apr,2023,19,Wed
560,12-07-2023,Basic,199,12.6,6,0,11,16,No,7,Jul,2023,12,Wed
561,29-02-2024,Basic,199,5.8,3,5,26,21,Yes,2,Feb,2024,29,Thu
562,31-05-2024,Basic,199,19.4,7,3,8,42,Yes,5,May,2024,31,Fri
563,22-08-2024,Basic,199,0.6,0,4,32,59,Yes,8,Aug,2024,22,Thu
564,12-05-2023,Standard,399,19.6,2,5,33,37,Yes,5,May,2023,12,Fri
565,15-09-2024,Basic,199,16.6,5,4,25,56,Yes,9,Sep,2024,15,Sun
566,22-05-2023,Premium,699,7.2,5,2,16,28,No,5,May,2023,22,Mon
567,20-07-2024,Standard,399,7.8,8,2,33,45,Yes,7,Jul,2024,20,Sat
568,16-05-2023,Premium,699,5.4,4,5,14,22,No,5,May,2023,16,Tue
569,29-07-2024,Premium,699,12.8,5,5,12,7,No,7,Jul,2024,29,Mon
570,14-01-2023,Standard,399,17,8,2,27,56,No,1,Jan,2023,14,Sat
571,01-10-2023,Premium,699,1.1,2,0,7,42,Yes,10,Oct,2023,1,Sun
572,28-07-2023,Basic,199,17.2,2,0,19,44,No,7,Jul,2023,28,Fri
573,29-07-2024,Premium,699,9.3,7,0,3,39,No,7,Jul,2024,29,Mon
574,18-02-2023,Basic,199,10,8,5,36,18,No,2,Feb,2023,18,Sat
575,15-09-2023,Standard,399,10.7,5,4,25,3,Yes,9,Sep,2023,15,Fri
576,21-07-2023,Basic,199,20.8,5,4,29,34,Yes,7,Jul,2023,21,Fri
577,27-06-2023,Premium,699,7.7,2,5,13,4,Yes,6,Jun,2023,27,Tue
578,14-05-2023,Premium,699,3.4,0,3,33,17,Yes,5,May,2023,14,Sun
579,07-06-2023,Basic,199,0.6,7,5,17,59,Yes,6,Jun,2023,7,Wed
580,02-01-2024,Standard,399,19.5,4,3,4,50,Yes,1,Jan,2024,2,Tue
581,13-06-2023,Basic,199,13.4,2,4,21,4,No,6,Jun,2023,13,Tue
582,10-11-2024,Standard,399,13.7,1,2,35,14,No,11,Nov,2024,10,Sun
583,28-07-2024,Standard,399,9.3,3,4,22,33,Yes,7,Jul,2024,28,Sun
584,20-09-2024,Premium,699,3.3,5,3,1,15,No,9,Sep,2024,20,Fri
585,27-04-2023,Premium,699,24,5,3,16,58,No,4,Apr,2023,27,Thu
586,19-01-2024,Standard,399,13.7,4,0,17,58,No,1,Jan,2024,19,Fri
587,25-11-2023,Premium,699,11.4,0,2,33,57,No,11,Nov,2023,25,Sat
588,09-03-2023,Premium,699,23.7,2,4,6,34,Yes,3,Mar,2023,9,Thu
589,20-12-2024,Basic,199,21.7,6,0,14,13,No,12,Dec,2024,20,Fri
590,15-04-2024,Premium,699,16.3,1,5,28,43,Yes,4,Apr,2024,15,Mon
591,25-07-2024,Premium,699,1.4,1,0,22,11,No,7,Jul,2024,25,Thu
592,19-03-2024,Basic,199,22.8,6,3,15,28,Yes,3,Mar,2024,19,Tue
593,25-09-2024,Standard,399,10,1,4,2,0,No,9,Sep,2024,25,Wed
594,24-10-2023,Basic,199,17.7,1,2,3,59,Yes,10,Oct,2023,24,Tue
595,07-11-2024,Premium,699,15.4,4,3,20,24,Yes,11,Nov,2024,7,Thu
596,12-07-2024,Basic,199,4.3,3,1,31,47,Yes,7,Jul,2024,12,Fri
597,25-05-2023,Standard,399,7.8,5,0,10,35,No,5,May,2023,25,Thu
598,09-11-2023,Basic,199,0.6,6,4,3,35,Yes,11,Nov,2023,9,Thu
599,23-09-2024,Basic,199,5.7,8,1,23,10,Yes,9,Sep,2024,23,Mon
600,16-03-2023,Standard,399,3.3,0,4,13,29,Yes,3,Mar,2023,16,Thu
601,05-12-2023,Standard,399,6.6,3,5,5,37,Yes,12,Dec,2023,5,Tue
602,18-07-2023,Standard,399,16.9,3,0,9,18,No,7,Jul,2023,18,Tue
603,03-08-2024,Standard,399,11.5,4,5,32,37,Yes,8,Aug,2024,3,Sat
604,15-08-2023,Standard,399,24,2,0,21,20,No,8,Aug,2023,15,Tue
605,06-05-2024,Premium,699,7.3,5,1,28,43,No,5,May,2024,6,Mon
606,23-10-2024,Standard,399,9.3,4,3,29,35,Yes,10,Oct,2024,23,Wed
607,03-10-2024,Premium,699,21.1,2,4,6,12,Yes,10,Oct,2024,3,Thu
608,15-08-2024,Basic,199,22.4,8,5,5,1,No,8,Aug,2024,15,Thu
609,06-07-2024,Standard,399,22.7,8,2,14,34,No,7,Jul,2024,6,Sat
610,18-05-2023,Standard,399,9.5,3,4,10,46,No,5,May,2023,18,Thu
611,02-09-2023,Standard,399,13,6,2,33,32,Yes,9,Sep,2023,2,Sat
612,02-08-2024,Premium,699,19.1,2,3,11,10,Yes,8,Aug,2024,2,Fri
613,14-05-2024,Premium,699,18.5,7,2,10,2,Yes,5,May,2024,14,Tue
614,05-01-2024,Basic,199,7,3,0,5,42,Yes,1,Jan,2024,5,Fri
615,21-12-2024,Standard,399,23,0,0,31,41,Yes,12,Dec,2024,21,Sat
616,21-01-2024,Premium,699,21,4,4,18,34,Yes,1,Jan,2024,21,Sun
617,17-08-2023,Premium,699,9.4,1,4,25,16,No,8,Aug,2023,17,Thu
618,10-09-2024,Premium,699,9.1,5,3,26,50,Yes,9,Sep,2024,10,Tue
619,20-10-2024,Basic,199,22.1,7,1,33,14,Yes,10,Oct,2024,20,Sun
620,02-05-2023,Standard,399,4.2,2,2,14,38,Yes,5,May,2023,2,Tue
621,05-05-2024,Premium,699,10.7,5,5,15,7,Yes,5,May,2024,5,Sun
622,10-08-2024,Standard,399,15,6,0,14,15,Yes,8,Aug,2024,10,Sat
623,27-02-2023,Premium,699,3.8,8,0,11,57,Yes,2,Feb,2023,27,Mon
624,14-10-2024,Basic,199,23.1,8,3,17,38,No,10,Oct,2024,14,Mon
625,08-05-2024,Basic,199,23.7,3,3,19,38,No,5,May,2024,8,Wed
626,30-09-2024,Basic,199,20.8,2,4,15,52,No,9,Sep,2024,30,Mon
627,24-08-2023,Premium,699,7,5,3,33,38,Yes,8,Aug,2023,24,Thu
628,31-05-2024,Standard,399,3.7,0,1,25,33,No,5,May,2024,31,Fri
629,06-09-2024,Premium,699,20.7,1,1,27,30,No,9,Sep,2024,6,Fri
630,09-09-2024,Basic,199,12.8,1,0,35,30,No,9,Sep,2024,9,Mon
631,14-02-2023,Premium,699,22.5,6,4,1,26,Yes,2,Feb,2023,14,Tue
632,14-12-2024,Premium,699,11,7,3,34,22,Yes,12,Dec,2024,14,Sat
633,27-03-2023,Premium,699,10.9,4,3,7,49,Yes,3,Mar,2023,27,Mon
634,08-01-2023,Standard,399,10.5,3,0,35,45,No,1,Jan,2023,8,Sun
635,20-11-2023,Premium,699,3.4,0,3,34,41,Yes,11,Nov,2023,20,Mon
636,02-07-2024,Standard,399,3.1,6,5,24,37,Yes,7,Jul,2024,2,Tue
637,24-07-2024,Standard,399,15.5,6,1,24,26,No,7,Jul,2024,24,Wed
638,14-08-2024,Standard,399,9.6,8,3,12,16,No,8,Aug,2024,14,Wed
639,17-12-2024,Standard,399,18.5,1,5,26,14,No,12,Dec,2024,17,Tue
640,14-12-2024,Basic,199,5.8,6,2,7,51,Yes,12,Dec,2024,14,Sat
641,06-09-2024,Premium,699,4.4,0,0,4,52,Yes,9,Sep,2024,6,Fri
642,29-01-2024,Standard,399,2.1,3,2,6,5,No,1,Jan,2024,29,Mon
643,11-01-2023,Standard,399,7.5,0,1,34,40,No,1,Jan,2023,11,Wed
644,26-08-2023,Basic,199,7.5,0,4,34,32,Yes,8,Aug,2023,26,Sat
645,11-06-2023,Premium,699,17,5,1,11,41,Yes,6,Jun,2023,11,Sun
646,25-07-2023,Basic,199,19.6,5,5,18,25,Yes,7,Jul,2023,25,Tue
647,26-07-2024,Premium,699,18.6,1,0,1,35,Yes,7,Jul,2024,26,Fri
648,10-04-2024,Premium,699,9,4,1,23,38,No,4,Apr,2024,10,Wed
649,30-05-2024,Standard,399,6.9,6,4,1,6,No,5,May,2024,30,Thu
650,11-08-2024,Standard,399,23.7,8,2,22,56,Yes,8,Aug,2024,11,Sun
651,14-04-2024,Standard,399,24.2,7,1,29,48,Yes,4,Apr,2024,14,Sun
652,27-01-2024,Premium,699,22.5,0,3,30,7,Yes,1,Jan,2024,27,Sat
653,12-06-2024,Premium,699,17.1,3,2,15,26,No,6,Jun,2024,12,Wed
654,20-11-2024,Premium,699,17.7,4,1,1,18,Yes,11,Nov,2024,20,Wed
655,10-08-2024,Premium,699,2.4,2,3,22,20,Yes,8,Aug,2024,10,Sat
656,05-09-2023,Standard,399,23.7,3,3,12,47,Yes,9,Sep,2023,5,Tue
657,20-04-2023,Standard,399,6.1,3,4,14,22,Yes,4,Apr,2023,20,Thu
658,08-07-2024,Basic,199,17.1,7,4,6,0,No,7,Jul,2024,8,Mon
659,11-08-2024,Basic,199,9.6,5,3,31,57,No,8,Aug,2024,11,Sun
660,13-08-2024,Standard,399,5,8,2,32,25,Yes,8,Aug,2024,13,Tue
661,29-05-2024,Basic,199,13.4,6,3,4,60,Yes,5,May,2024,29,Wed
662,16-04-2024,Standard,399,21.6,2,3,26,7,No,4,Apr,2024,16,Tue
663,06-01-2024,Standard,399,0.8,3,3,1,37,Yes,1,Jan,2024,6,Sat
664,19-09-2024,Premium,699,5.1,4,1,17,17,No,9,Sep,2024,19,Thu
665,17-01-2024,Standard,399,5,6,1,24,26,No,1,Jan,2024,17,Wed
666,03-12-2024,Standard,399,7.4,2,4,26,8,No,12,Dec,2024,3,Tue
667,20-07-2023,Basic,199,18.2,3,4,7,27,No,7,Jul,2023,20,Thu
668,07-10-2024,Basic,199,12.1,0,1,10,26,No,10,Oct,2024,7,Mon
669,04-08-2024,Premium,699,18.2,7,2,35,16,No,8,Aug,2024,4,Sun
670,02-05-2024,Basic,199,2.9,2,0,26,13,No,5,May,2024,2,Thu
671,24-07-2024,Premium,699,11.5,5,2,7,23,Yes,7,Jul,2024,24,Wed
672,12-09-2024,Standard,399,1,1,2,23,55,Yes,9,Sep,2024,12,Thu
673,14-05-2024,Basic,199,4.8,4,2,35,20,Yes,5,May,2024,14,Tue
674,29-05-2023,Premium,699,22.3,6,4,29,18,Yes,5,May,2023,29,Mon
675,22-08-2023,Basic,199,10.8,6,0,22,5,Yes,8,Aug,2023,22,Tue
676,31-03-2024,Standard,399,16.5,4,4,21,41,Yes,3,Mar,2024,31,Sun
677,09-05-2023,Standard,399,24.2,6,1,34,11,No,5,May,2023,9,Tue
678,08-04-2023,Premium,699,16.7,1,1,16,10,No,4,Apr,2023,8,Sat
679,27-03-2023,Basic,199,13.9,0,3,31,33,No,3,Mar,2023,27,Mon
680,13-11-2023,Basic,199,15.6,1,5,17,59,No,11,Nov,2023,13,Mon
681,24-06-2023,Basic,199,18.6,7,5,16,8,Yes,6,Jun,2023,24,Sat
682,07-07-2024,Basic,199,16.8,5,3,3,29,No,7,Jul,2024,7,Sun
683,08-10-2024,Standard,399,11.4,8,1,36,37,No,10,Oct,2024,8,Tue
684,06-07-2024,Premium,699,13.3,8,2,28,58,Yes,7,Jul,2024,6,Sat
685,11-01-2023,Basic,199,11.3,5,3,6,16,Yes,1,Jan,2023,11,Wed
686,09-01-2023,Basic,199,20.5,2,2,34,18,No,1,Jan,2023,9,Mon
687,27-10-2023,Premium,699,23.7,7,2,32,0,No,10,Oct,2023,27,Fri
688,28-07-2024,Premium,699,20,8,2,15,12,Yes,7,Jul,2024,28,Sun
689,08-03-2024,Standard,399,6.6,6,3,26,14,Yes,3,Mar,2024,8,Fri
690,03-10-2023,Premium,699,13.2,4,2,16,41,Yes,10,Oct,2023,3,Tue
691,11-04-2024,Standard,399,21.4,2,1,13,18,No,4,Apr,2024,11,Thu
692,20-02-2023,Premium,699,7.2,7,1,29,20,Yes,2,Feb,2023,20,Mon
693,24-03-2024,Premium,699,5.1,1,2,2,17,Yes,3,Mar,2024,24,Sun
694,06-03-2024,Premium,699,6.2,2,0,1,31,Yes,3,Mar,2024,6,Wed
695,24-03-2023,Standard,399,25,7,5,32,50,Yes,3,Mar,2023,24,Fri
696,16-07-2023,Basic,199,7,6,0,4,34,Yes,7,Jul,2023,16,Sun
697,29-03-2024,Standard,399,20.8,1,5,25,15,No,3,Mar,2024,29,Fri
698,29-04-2024,Basic,199,5.4,1,4,3,42,No,4,Apr,2024,29,Mon
699,16-07-2024,Standard,399,23.4,2,5,20,46,Yes,7,Jul,2024,16,Tue
700,13-11-2024,Premium,699,6.7,4,1,8,23,No,11,Nov,2024,13,Wed
701,10-10-2023,Basic,199,6.3,6,2,8,0,Yes,10,Oct,2023,10,Tue
702,08-12-2024,Premium,699,10.2,3,0,8,2,No,12,Dec,2024,8,Sun
703,03-12-2024,Standard,399,9.6,1,1,10,10,No,12,Dec,2024,3,Tue
704,19-12-2024,Premium,699,23.3,0,0,22,22,No,12,Dec,2024,19,Thu
705,22-12-2023,Premium,699,3.6,3,2,7,35,Yes,12,Dec,2023,22,Fri
706,10-02-2023,Standard,399,1,6,2,13,46,Yes,2,Feb,2023,10,Fri
707,11-07-2023,Standard,399,14.2,8,5,29,31,Yes,7,Jul,2023,11,Tue
708,21-07-2024,Premium,699,8.4,7,2,23,55,No,7,Jul,2024,21,Sun
709,11-01-2024,Basic,199,13.5,7,2,5,52,Yes,1,Jan,2024,11,Thu
710,20-01-2023,Standard,399,19.5,8,3,1,46,Yes,1,Jan,2023,20,Fri
711,05-07-2024,Premium,699,19.5,3,2,24,46,Yes,7,Jul,2024,5,Fri
712,27-11-2023,Standard,399,13.3,7,4,13,9,No,11,Nov,2023,27,Mon
713,13-05-2023,Standard,399,3.2,8,5,21,4,Yes,5,May,2023,13,Sat
714,19-10-2024,Basic,199,5.5,7,1,3,6,Yes,10,Oct,2024,19,Sat
715,14-03-2023,Standard,399,13.4,4,0,32,23,Yes,3,Mar,2023,14,Tue
716,05-01-2024,Basic,199,16.6,1,3,14,51,No,1,Jan,2024,5,Fri
717,14-03-2023,Premium,699,20.6,0,4,27,17,No,3,Mar,2023,14,Tue
718,28-06-2024,Standard,399,23.6,8,0,5,6,No,6,Jun,2024,28,Fri
719,25-07-2024,Standard,399,5.2,3,4,13,40,No,7,Jul,2024,25,Thu
720,14-04-2024,Premium,699,10.7,1,5,36,36,Yes,4,Apr,2024,14,Sun
721,12-12-2023,Premium,699,22.1,2,1,28,35,No,12,Dec,2023,12,Tue
722,29-11-2023,Premium,699,13.6,7,2,11,57,Yes,11,Nov,2023,29,Wed
723,30-07-2024,Standard,399,19.2,6,5,27,20,No,7,Jul,2024,30,Tue
724,08-04-2024,Premium,699,9.7,8,5,14,16,Yes,4,Apr,2024,8,Mon
725,19-05-2023,Standard,399,0.5,0,2,26,38,Yes,5,May,2023,19,Fri
726,07-12-2024,Standard,399,7.9,3,1,1,54,Yes,12,Dec,2024,7,Sat
727,09-06-2023,Standard,399,13,2,0,36,2,No,6,Jun,2023,9,Fri
728,05-04-2023,Basic,199,9.5,3,1,17,16,No,4,Apr,2023,5,Wed
729,09-05-2024,Premium,699,14.4,3,5,26,4,No,5,May,2024,9,Thu
730,13-08-2024,Basic,199,20.7,1,4,32,41,Yes,8,Aug,2024,13,Tue
731,02-03-2024,Standard,399,19.6,5,2,6,56,No,3,Mar,2024,2,Sat
732,25-02-2023,Basic,199,18.8,0,5,15,49,No,2,Feb,2023,25,Sat
733,15-12-2024,Standard,399,1.5,8,4,34,9,Yes,12,Dec,2024,15,Sun
734,31-05-2024,Basic,199,1.7,6,3,10,48,Yes,5,May,2024,31,Fri
735,02-05-2024,Basic,199,11.1,6,1,15,8,No,5,May,2024,2,Thu
736,15-12-2024,Premium,699,13.9,4,0,4,25,No,12,Dec,2024,15,Sun
737,20-07-2023,Basic,199,12.3,3,3,9,25,No,7,Jul,2023,20,Thu
738,02-12-2024,Premium,699,6.5,1,2,34,49,Yes,12,Dec,2024,2,Mon
739,25-11-2023,Premium,699,3.3,6,3,6,23,Yes,11,Nov,2023,25,Sat
740,28-03-2024,Standard,399,19.4,2,2,2,39,No,3,Mar,2024,28,Thu
741,29-03-2023,Premium,699,11.3,3,1,10,43,No,3,Mar,2023,29,Wed
742,24-04-2023,Basic,199,6.5,2,2,4,0,Yes,4,Apr,2023,24,Mon
743,28-07-2023,Standard,399,12,5,1,29,47,No,7,Jul,2023,28,Fri
744,25-05-2023,Premium,699,18.9,8,3,34,39,Yes,5,May,2023,25,Thu
745,18-10-2023,Premium,699,9.7,8,0,2,16,Yes,10,Oct,2023,18,Wed
746,09-11-2024,Basic,199,1.8,0,0,18,24,No,11,Nov,2024,9,Sat
747,31-01-2024,Premium,699,21.7,0,2,24,55,No,1,Jan,2024,31,Wed
748,28-06-2024,Basic,199,13,1,2,25,31,No,6,Jun,2024,28,Fri
749,10-02-2023,Basic,199,5.4,7,4,12,59,Yes,2,Feb,2023,10,Fri
750,22-12-2023,Basic,199,8,7,3,34,47,Yes,12,Dec,2023,22,Fri
751,05-03-2023,Premium,699,9.2,4,1,23,32,Yes,3,Mar,2023,5,Sun
752,05-06-2023,Premium,699,22,0,4,17,60,Yes,6,Jun,2023,5,Mon
753,25-11-2024,Standard,399,16.6,1,5,26,24,Yes,11,Nov,2024,25,Mon
754,04-12-2023,Premium,699,10.7,2,3,15,19,No,12,Dec,2023,4,Mon
755,27-07-2023,Standard,399,3.7,2,4,35,34,Yes,7,Jul,2023,27,Thu
756,29-05-2023,Basic,199,17.4,8,1,20,27,No,5,May,2023,29,Mon
757,08-07-2023,Premium,699,8.3,8,4,11,60,Yes,7,Jul,2023,8,Sat
758,14-10-2024,Standard,399,18.3,5,3,10,26,Yes,10,Oct,2024,14,Mon
759,18-09-2024,Premium,699,4.2,3,0,18,8,Yes,9,Sep,2024,18,Wed
760,27-01-2023,Premium,699,15.3,3,4,18,14,Yes,1,Jan,2023,27,Fri
761,25-04-2024,Standard,399,17.4,7,1,6,32,No,4,Apr,2024,25,Thu
762,17-07-2023,Premium,699,5,6,3,24,30,Yes,7,Jul,2023,17,Mon
763,18-11-2024,Basic,199,10.5,0,2,3,60,Yes,11,Nov,2024,18,Mon
764,13-04-2024,Basic,199,2.1,7,4,14,31,Yes,4,Apr,2024,13,Sat
765,17-11-2023,Basic,199,10.4,0,4,28,47,No,11,Nov,2023,17,Fri
766,13-02-2023,Standard,399,13.4,0,4,35,6,No,2,Feb,2023,13,Mon
767,07-10-2024,Basic,199,13.7,0,4,34,24,Yes,10,Oct,2024,7,Mon
768,17-04-2024,Basic,199,7.6,6,2,13,49,No,4,Apr,2024,17,Wed
769,19-04-2024,Basic,199,7.7,0,5,28,33,No,4,Apr,2024,19,Fri
770,13-12-2024,Premium,699,2.7,8,0,29,11,No,12,Dec,2024,13,Fri
771,27-08-2024,Premium,699,10.1,5,3,9,1,Yes,8,Aug,2024,27,Tue
772,29-12-2024,Premium,699,22.1,1,2,13,20,No,12,Dec,2024,29,Sun
773,25-12-2024,Basic,199,2.7,7,5,8,23,Yes,12,Dec,2024,25,Wed
774,24-06-2023,Standard,399,15.5,2,3,33,35,Yes,6,Jun,2023,24,Sat
775,05-03-2024,Standard,399,4.5,2,1,10,49,No,3,Mar,2024,5,Tue
776,15-05-2023,Standard,399,18.4,7,2,20,40,Yes,5,May,2023,15,Mon
777,25-05-2024,Basic,199,15.8,4,0,1,29,Yes,5,May,2024,25,Sat
778,02-05-2024,Premium,699,15.4,7,1,1,13,No,5,May,2024,2,Thu
779,26-09-2024,Standard,399,11.3,0,1,27,56,No,9,Sep,2024,26,Thu
780,30-10-2024,Premium,699,20.6,3,0,36,11,No,10,Oct,2024,30,Wed
781,02-11-2023,Standard,399,4.1,0,5,3,36,Yes,11,Nov,2023,2,Thu
782,17-09-2024,Standard,399,1.7,6,1,6,10,No,9,Sep,2024,17,Tue
783,06-02-2023,Premium,699,4.8,7,5,36,37,Yes,2,Feb,2023,6,Mon
784,17-07-2024,Basic,199,8.4,6,0,20,48,Yes,7,Jul,2024,17,Wed
785,23-06-2024,Basic,199,12,1,5,19,55,Yes,6,Jun,2024,23,Sun
786,06-10-2024,Standard,399,5.6,3,4,34,3,Yes,10,Oct,2024,6,Sun
787,23-09-2023,Premium,699,12.3,4,3,6,38,No,9,Sep,2023,23,Sat
788,19-05-2024,Premium,699,23.2,7,4,23,46,Yes,5,May,2024,19,Sun
789,02-10-2024,Basic,199,17.9,3,0,15,7,Yes,10,Oct,2024,2,Wed
790,27-07-2024,Basic,199,20.1,6,3,14,2,Yes,7,Jul,2024,27,Sat
791,11-03-2023,Premium,699,0.8,3,5,14,18,Yes,3,Mar,2023,11,Sat
792,16-12-2023,Standard,399,12.9,5,0,20,7,No,12,Dec,2023,16,Sat
793,19-11-2024,Standard,399,20.9,3,2,2,53,Yes,11,Nov,2024,19,Tue
794,03-07-2024,Standard,399,20,2,3,31,9,No,7,Jul,2024,3,Wed
795,03-11-2023,Standard,399,19.7,6,5,30,3,No,11,Nov,2023,3,Fri
796,29-12-2023,Premium,699,14.1,0,1,21,36,No,12,Dec,2023,29,Fri
797,19-06-2023,Basic,199,7.4,0,2,10,24,No,6,Jun,2023,19,Mon
798,27-12-2024,Premium,699,5.1,1,2,25,45,No,12,Dec,2024,27,Fri
799,06-11-2023,Basic,199,10.6,7,1,18,23,Yes,11,Nov,2023,6,Mon
800,26-07-2023,Basic,199,7.9,1,2,34,50,Yes,7,Jul,2023,26,Wed
801,10-05-2024,Basic,199,12.9,7,4,29,9,Yes,5,May,2024,10,Fri
802,12-06-2024,Premium,699,8.1,5,1,34,49,No,6,Jun,2024,12,Wed
803,18-06-2024,Premium,699,5.5,0,3,9,24,No,6,Jun,2024,18,Tue
804,31-03-2023,Basic,199,8.1,0,5,1,54,Yes,3,Mar,2023,31,Fri
805,16-11-2023,Standard,399,22.3,1,4,30,49,No,11,Nov,2023,16,Thu
806,11-10-2023,Basic,199,16.2,3,2,20,12,Yes,10,Oct,2023,11,Wed
807,28-04-2023,Premium,699,19.4,1,2,21,9,Yes,4,Apr,2023,28,Fri
808,05-10-2023,Basic,199,13.1,3,4,36,22,Yes,10,Oct,2023,5,Thu
809,13-12-2023,Basic,199,14.6,2,0,19,19,No,12,Dec,2023,13,Wed
810,19-04-2023,Premium,699,1.7,0,3,29,57,Yes,4,Apr,2023,19,Wed
811,29-08-2024,Standard,399,2.6,6,1,4,45,Yes,8,Aug,2024,29,Thu
812,17-11-2024,Premium,699,15.6,4,2,29,52,Yes,11,Nov,2024,17,Sun
813,16-12-2024,Premium,699,24.4,7,4,6,8,Yes,12,Dec,2024,16,Mon
814,28-05-2023,Standard,399,11.7,7,3,7,14,No,5,May,2023,28,Sun
815,05-12-2023,Premium,699,22.9,6,1,17,44,No,12,Dec,2023,5,Tue
816,17-04-2024,Standard,399,12.4,1,3,30,7,No,4,Apr,2024,17,Wed
817,20-04-2023,Basic,199,19.3,2,4,19,6,No,4,Apr,2023,20,Thu
818,28-02-2024,Standard,399,16.4,4,4,36,29,Yes,2,Feb,2024,28,Wed
819,11-12-2024,Basic,199,13.9,7,3,16,4,Yes,12,Dec,2024,11,Wed
820,11-12-2024,Premium,699,19.7,6,4,28,50,Yes,12,Dec,2024,11,Wed
821,13-05-2024,Basic,199,16.7,1,5,12,59,No,5,May,2024,13,Mon
822,20-02-2024,Basic,199,8.5,1,3,30,11,Yes,2,Feb,2024,20,Tue
823,04-03-2023,Basic,199,17.3,6,2,7,31,Yes,3,Mar,2023,4,Sat
824,28-06-2024,Basic,199,20.5,0,1,14,42,Yes,6,Jun,2024,28,Fri
825,21-11-2023,Standard,399,15.6,7,1,25,13,No,11,Nov,2023,21,Tue
826,02-04-2023,Standard,399,23,6,5,20,58,Yes,4,Apr,2023,2,Sun
827,29-10-2023,Premium,699,15.5,8,3,1,54,Yes,10,Oct,2023,29,Sun
828,03-01-2024,Basic,199,22.6,0,0,24,45,No,1,Jan,2024,3,Wed
829,02-10-2024,Basic,199,21.7,3,3,19,44,Yes,10,Oct,2024,2,Wed
830,01-05-2024,Standard,399,10.4,6,4,25,13,No,5,May,2024,1,Wed
831,17-11-2024,Basic,199,14.1,5,3,13,9,Yes,11,Nov,2024,17,Sun
832,04-11-2024,Basic,199,0.8,0,1,9,46,No,11,Nov,2024,4,Mon
833,10-09-2024,Standard,399,2.6,6,3,9,57,Yes,9,Sep,2024,10,Tue
834,30-12-2023,Standard,399,11.6,6,4,12,52,Yes,12,Dec,2023,30,Sat
835,31-08-2023,Basic,199,10.9,0,4,12,31,No,8,Aug,2023,31,Thu
836,08-02-2023,Premium,699,7.1,8,4,33,23,Yes,2,Feb,2023,8,Wed
837,23-03-2023,Premium,699,17.8,1,4,31,30,No,3,Mar,2023,23,Thu
838,16-09-2024,Basic,199,24.6,4,3,34,33,Yes,9,Sep,2024,16,Mon
839,16-08-2024,Basic,199,12.1,1,5,16,40,Yes,8,Aug,2024,16,Fri
840,25-04-2024,Standard,399,22.6,8,0,4,30,Yes,4,Apr,2024,25,Thu
841,03-09-2024,Premium,699,10.8,4,2,22,10,Yes,9,Sep,2024,3,Tue
842,23-06-2023,Premium,699,18.3,4,0,20,40,Yes,6,Jun,2023,23,Fri
843,11-05-2024,Premium,699,16.6,4,5,4,39,Yes,5,May,2024,11,Sat
844,09-10-2023,Basic,199,12.9,4,2,9,8,No,10,Oct,2023,9,Mon
845,02-04-2024,Standard,399,18.7,2,4,1,47,Yes,4,Apr,2024,2,Tue
846,03-02-2023,Standard,399,6.9,3,3,12,11,No,2,Feb,2023,3,Fri
847,28-01-2024,Standard,399,24.2,2,3,6,48,No,1,Jan,2024,28,Sun
848,20-12-2023,Basic,199,18.3,2,1,29,36,No,12,Dec,2023,20,Wed
849,02-05-2024,Basic,199,19,1,0,17,10,No,5,May,2024,2,Thu
850,04-02-2024,Standard,399,18.8,8,1,31,24,No,2,Feb,2024,4,Sun
851,04-04-2024,Standard,399,4.1,6,0,17,18,No,4,Apr,2024,4,Thu
852,29-12-2023,Standard,399,24.1,0,0,21,58,No,12,Dec,2023,29,Fri
853,05-02-2024,Standard,399,8.7,4,0,18,16,No,2,Feb,2024,5,Mon
854,04-07-2023,Standard,399,18.5,3,4,16,21,No,7,Jul,2023,4,Tue
855,21-06-2024,Standard,399,0.8,0,0,36,0,No,6,Jun,2024,21,Fri
856,26-09-2024,Basic,199,9.1,4,2,29,12,Yes,9,Sep,2024,26,Thu
857,03-05-2023,Basic,199,23.5,3,4,4,40,Yes,5,May,2023,3,Wed
858,29-10-2023,Basic,199,9.7,2,0,9,44,Yes,10,Oct,2023,29,Sun
859,28-11-2023,Standard,399,16.2,4,3,5,44,No,11,Nov,2023,28,Tue
860,03-03-2023,Standard,399,19.6,4,0,11,24,Yes,3,Mar,2023,3,Fri
861,07-02-2024,Standard,399,4.9,1,3,17,59,Yes,2,Feb,2024,7,Wed
862,19-04-2023,Basic,199,3.2,8,3,32,13,Yes,4,Apr,2023,19,Wed
863,01-04-2024,Standard,399,3,1,0,17,36,No,4,Apr,2024,1,Mon
864,05-06-2023,Basic,199,4.1,0,0,32,42,Yes,6,Jun,2023,5,Mon
865,17-05-2024,Premium,699,22.7,0,4,22,45,No,5,May,2024,17,Fri
866,06-12-2024,Standard,399,10.4,1,4,28,14,Yes,12,Dec,2024,6,Fri
867,26-02-2023,Standard,399,14.4,5,2,8,43,Yes,2,Feb,2023,26,Sun
868,24-10-2023,Premium,699,9.5,5,0,6,53,Yes,10,Oct,2023,24,Tue
869,13-12-2024,Premium,699,4.8,0,3,13,42,Yes,12,Dec,2024,13,Fri
870,24-03-2024,Standard,399,16,5,3,7,5,No,3,Mar,2024,24,Sun
871,02-09-2023,Premium,699,3.9,3,0,13,46,No,9,Sep,2023,2,Sat
872,05-04-2024,Standard,399,2,8,5,25,19,Yes,4,Apr,2024,5,Fri
873,05-08-2023,Basic,199,8.8,5,5,3,2,Yes,8,Aug,2023,5,Sat
874,15-03-2023,Premium,699,11.7,8,1,34,47,No,3,Mar,2023,15,Wed
875,16-02-2023,Basic,199,12.5,0,3,10,58,No,2,Feb,2023,16,Thu
876,12-04-2024,Basic,199,0.9,0,2,9,52,Yes,4,Apr,2024,12,Fri
877,22-09-2024,Premium,699,21,1,0,11,7,No,9,Sep,2024,22,Sun
878,25-11-2024,Basic,199,20.2,6,2,5,51,No,11,Nov,2024,25,Mon
879,07-08-2023,Standard,399,3.5,8,1,21,20,No,8,Aug,2023,7,Mon
880,22-06-2023,Basic,199,8.7,1,2,12,9,No,6,Jun,2023,22,Thu
881,17-05-2023,Premium,699,14.1,7,1,24,59,No,5,May,2023,17,Wed
882,03-07-2023,Basic,199,19.6,0,3,25,5,Yes,7,Jul,2023,3,Mon
883,17-10-2024,Basic,199,10.7,7,5,19,8,Yes,10,Oct,2024,17,Thu
884,02-09-2024,Standard,399,11.5,3,1,34,39,No,9,Sep,2024,2,Mon
885,23-12-2023,Basic,199,15.5,1,5,32,52,No,12,Dec,2023,23,Sat
886,25-09-2024,Standard,399,14.2,3,0,1,33,No,9,Sep,2024,25,Wed
887,24-02-2023,Standard,399,12.9,7,5,35,42,Yes,2,Feb,2023,24,Fri
888,14-02-2023,Basic,199,20,7,3,8,11,Yes,2,Feb,2023,14,Tue
889,09-04-2024,Basic,199,7.5,6,2,24,21,Yes,4,Apr,2024,9,Tue
890,11-05-2024,Basic,199,18.6,8,1,7,10,No,5,May,2024,11,Sat
891,30-11-2023,Premium,699,2.2,3,5,8,28,Yes,11,Nov,2023,30,Thu
892,22-08-2023,Standard,399,18.8,5,1,13,49,Yes,8,Aug,2023,22,Tue
893,27-04-2024,Basic,199,18.6,3,3,16,57,Yes,4,Apr,2024,27,Sat
894,10-04-2024,Premium,699,1.8,6,1,32,13,No,4,Apr,2024,10,Wed
895,04-10-2023,Basic,199,9.7,7,5,25,12,No,10,Oct,2023,4,Wed
896,21-04-2024,Basic,199,3.6,0,2,22,8,Yes,4,Apr,2024,21,Sun
897,10-06-2023,Standard,399,4.7,5,1,27,56,Yes,6,Jun,2023,10,Sat
898,18-06-2024,Premium,699,14.7,8,1,11,5,No,6,Jun,2024,18,Tue
899,10-09-2023,Standard,399,15,7,2,14,0,No,9,Sep,2023,10,Sun
900,10-08-2024,Basic,199,11.1,3,4,21,60,Yes,8,Aug,2024,10,Sat
901,04-02-2023,Basic,199,24.5,0,3,27,46,No,2,Feb,2023,4,Sat
902,25-07-2024,Standard,399,10.2,1,3,34,31,Yes,7,Jul,2024,25,Thu
903,03-04-2023,Basic,199,23.8,2,2,27,18,Yes,4,Apr,2023,3,Mon
904,20-08-2024,Basic,199,16.9,2,5,31,29,No,8,Aug,2024,20,Tue
905,15-01-2024,Basic,199,11.9,2,5,30,25,Yes,1,Jan,2024,15,Mon
906,08-12-2024,Premium,699,17.7,0,5,30,4,No,12,Dec,2024,8,Sun
907,09-07-2024,Standard,399,1.3,6,2,34,44,Yes,7,Jul,2024,9,Tue
908,26-02-2023,Premium,699,19.8,1,4,14,56,Yes,2,Feb,2023,26,Sun
909,11-02-2023,Premium,699,22.3,1,3,24,23,Yes,2,Feb,2023,11,Sat
910,29-07-2023,Standard,399,4.8,8,5,24,4,Yes,7,Jul,2023,29,Sat
911,17-08-2024,Basic,199,6.3,1,5,22,30,No,8,Aug,2024,17,Sat
912,30-05-2024,Premium,699,19,3,2,14,22,No,5,May,2024,30,Thu
913,28-05-2024,Premium,699,7.3,1,2,28,22,Yes,5,May,2024,28,Tue
914,27-10-2023,Premium,699,12,8,5,8,52,Yes,10,Oct,2023,27,Fri
915,31-03-2023,Standard,399,20.1,1,1,24,57,No,3,Mar,2023,31,Fri
916,25-04-2023,Basic,199,22.5,4,0,26,6,Yes,4,Apr,2023,25,Tue
917,28-10-2023,Premium,699,12.7,3,4,10,60,No,10,Oct,2023,28,Sat
918,22-10-2024,Standard,399,23.3,7,2,35,26,Yes,10,Oct,2024,22,Tue
919,22-10-2024,Basic,199,5.1,0,1,19,53,No,10,Oct,2024,22,Tue
920,26-06-2024,Standard,399,14.7,5,3,27,37,Yes,6,Jun,2024,26,Wed
921,21-08-2023,Premium,699,11.7,2,2,29,10,No,8,Aug,2023,21,Mon
922,20-06-2023,Standard,399,24.3,0,1,24,22,Yes,6,Jun,2023,20,Tue
923,10-12-2024,Premium,699,17.9,4,1,11,11,No,12,Dec,2024,10,Tue
924,27-03-2024,Premium,699,4.5,1,0,10,20,No,3,Mar,2024,27,Wed
925,19-12-2023,Standard,399,5,8,5,24,2,No,12,Dec,2023,19,Tue
926,26-01-2023,Basic,199,11.5,2,4,24,19,Yes,1,Jan,2023,26,Thu
927,13-07-2024,Standard,399,19.3,7,2,32,9,Yes,7,Jul,2024,13,Sat
928,10-08-2024,Premium,699,16.4,4,3,22,57,Yes,8,Aug,2024,10,Sat
929,05-05-2024,Premium,699,20.1,7,2,10,44,Yes,5,May,2024,5,Sun
930,14-08-2023,Basic,199,17.1,1,2,9,1,No,8,Aug,2023,14,Mon
931,23-06-2024,Standard,399,2.8,0,4,23,41,Yes,6,Jun,2024,23,Sun
932,18-11-2024,Basic,199,5.3,1,4,18,54,Yes,11,Nov,2024,18,Mon
933,27-02-2023,Basic,199,10.2,7,2,33,38,Yes,2,Feb,2023,27,Mon
934,19-10-2023,Premium,699,10.2,6,2,24,24,Yes,10,Oct,2023,19,Thu
935,30-03-2024,Standard,399,8,7,4,23,5,Yes,3,Mar,2024,30,Sat
936,10-03-2024,Premium,699,20.2,4,1,27,51,No,3,Mar,2024,10,Sun
937,21-06-2024,Premium,699,3.9,1,1,27,13,Yes,6,Jun,2024,21,Fri
938,07-10-2023,Standard,399,23.4,6,0,5,0,No,10,Oct,2023,7,Sat
939,24-10-2023,Standard,399,14.1,2,1,12,11,No,10,Oct,2023,24,Tue
940,19-04-2024,Premium,699,1.5,4,4,32,19,Yes,4,Apr,2024,19,Fri
941,13-10-2024,Basic,199,19.9,2,2,2,19,No,10,Oct,2024,13,Sun
942,05-12-2024,Standard,399,16.5,4,3,8,11,Yes,12,Dec,2024,5,Thu
943,06-01-2024,Premium,699,1.2,4,3,16,4,Yes,1,Jan,2024,6,Sat
944,11-12-2024,Premium,699,14.4,4,5,31,43,Yes,12,Dec,2024,11,Wed
945,30-05-2023,Basic,199,13.1,0,2,24,10,No,5,May,2023,30,Tue
946,05-01-2024,Standard,399,22,2,2,30,10,Yes,1,Jan,2024,5,Fri
947,10-06-2024,Standard,399,1.7,4,4,23,40,Yes,6,Jun,2024,10,Mon
948,02-12-2024,Basic,199,19.2,2,4,12,20,No,12,Dec,2024,2,Mon
949,28-05-2023,Standard,399,17.3,5,0,18,34,No,5,May,2023,28,Sun
950,16-06-2023,Basic,199,13.2,5,3,9,26,Yes,6,Jun,2023,16,Fri
951,20-09-2024,Basic,199,4.3,3,1,14,50,No,9,Sep,2024,20,Fri
952,03-03-2024,Premium,699,21.2,8,5,34,48,No,3,Mar,2024,3,Sun
953,08-12-2024,Standard,399,3.4,2,0,5,30,Yes,12,Dec,2024,8,Sun
954,30-01-2023,Standard,399,20.5,8,2,9,11,No,1,Jan,2023,30,Mon
955,03-08-2023,Premium,699,5.9,2,5,8,14,Yes,8,Aug,2023,3,Thu
956,17-03-2024,Basic,199,10.9,1,0,6,1,No,3,Mar,2024,17,Sun
957,17-09-2023,Basic,199,3.1,8,4,13,3,Yes,9,Sep,2023,17,Sun
958,08-09-2024,Basic,199,7.9,0,0,5,50,Yes,9,Sep,2024,8,Sun
959,12-10-2023,Basic,199,5,5,0,13,5,Yes,10,Oct,2023,12,Thu
960,06-08-2024,Premium,699,9.1,8,5,23,39,Yes,8,Aug,2024,6,Tue
961,16-10-2023,Basic,199,20.6,0,4,7,13,No,10,Oct,2023,16,Mon
962,25-12-2024,Basic,199,0.6,1,1,35,58,Yes,12,Dec,2024,25,Wed
963,05-07-2023,Standard,399,17.6,2,3,24,43,No,7,Jul,2023,5,Wed
964,18-11-2023,Standard,399,10.9,8,1,25,26,Yes,11,Nov,2023,18,Sat
965,23-10-2023,Basic,199,3.2,2,3,30,48,Yes,10,Oct,2023,23,Mon
966,06-09-2024,Premium,699,2.5,7,0,3,24,Yes,9,Sep,2024,6,Fri
967,14-03-2024,Premium,699,17.3,7,1,20,35,Yes,3,Mar,2024,14,Thu
968,21-11-2024,Basic,199,22.4,7,5,5,23,Yes,11,Nov,2024,21,Thu
969,27-05-2023,Standard,399,10.2,8,5,7,43,Yes,5,May,2023,27,Sat
970,22-06-2023,Standard,399,17.5,1,5,26,59,No,6,Jun,2023,22,Thu
971,18-02-2024,Basic,199,24.4,5,1,24,38,No,2,Feb,2024,18,Sun
972,18-08-2024,Basic,199,21,7,2,15,48,Yes,8,Aug,2024,18,Sun
973,19-02-2024,Premium,699,19,6,2,18,30,Yes,2,Feb,2024,19,Mon
974,24-05-2024,Standard,399,7.3,7,0,33,7,No,5,May,2024,24,Fri
975,03-07-2023,Basic,199,1.2,0,0,9,31,No,7,Jul,2023,3,Mon
976,19-05-2024,Standard,399,4.2,1,0,21,42,No,5,May,2024,19,Sun
977,18-12-2023,Standard,399,7.7,7,3,13,32,Yes,12,Dec,2023,18,Mon
978,28-01-2024,Premium,699,0.9,0,3,35,56,No,1,Jan,2024,28,Sun
979,24-07-2024,Standard,399,21.4,7,3,21,2,Yes,7,Jul,2024,24,Wed
980,03-02-2024,Premium,699,22.2,2,3,20,27,Yes,2,Feb,2024,3,Sat
981,08-08-2024,Standard,399,14.4,7,5,8,35,Yes,8,Aug,2024,8,Thu
982,21-05-2024,Standard,399,14.3,2,4,31,3,No,5,May,2024,21,Tue
983,27-08-2024,Premium,699,15.6,5,2,25,20,Yes,8,Aug,2024,27,Tue
984,02-10-2024,Basic,199,21,5,5,9,37,Yes,10,Oct,2024,2,Wed
985,08-11-2024,Standard,399,2.9,5,2,25,26,Yes,11,Nov,2024,8,Fri
986,09-03-2023,Basic,199,6.2,4,4,16,5,No,3,Mar,2023,9,Thu
987,04-11-2024,Standard,399,8.8,0,4,8,20,Yes,11,Nov,2024,4,Mon
988,23-01-2023,Standard,399,22.6,4,0,33,44,Yes,1,Jan,2023,23,Mon
989,13-04-2023,Standard,399,14.5,5,4,25,6,No,4,Apr,2023,13,Thu
990,03-11-2023,Premium,699,8.7,8,5,14,21,Yes,11,Nov,2023,3,Fri
991,18-02-2023,Standard,399,5.4,1,4,28,13,Yes,2,Feb,2023,18,Sat
992,29-08-2024,Standard,399,20.2,1,5,26,54,Yes,8,Aug,2024,29,Thu
993,20-03-2023,Standard,399,2.1,8,3,18,27,Yes,3,Mar,2023,20,Mon
994,24-07-2023,Premium,699,12.9,4,3,20,42,Yes,7,Jul,2023,24,Mon
995,04-07-2023,Standard,399,6.7,8,3,26,42,No,7,Jul,2023,4,Tue
996,23-04-2024,Basic,199,21.6,7,1,34,42,No,4,Apr,2024,23,Tue
997,18-06-2024,Standard,399,20.3,6,4,35,46,Yes,6,Jun,2024,18,Tue
998,04-11-2023,Basic,199,11.8,3,1,24,47,No,11,Nov,2023,4,Sat
999,01-10-2023,Standard,399,8.3,1,5,27,13,No,10,Oct,2023,1,Sun
1000,16-07-2023,Standard,399,6.8,3,3,11,15,Yes,7,Jul,2023,16,Sun
1001,22-03-2024,Basic,199,20,4,3,16,31,Yes,3,Mar,2024,22,Fri
1002,12-10-2023,Standard,399,5.4,4,1,3,1,No,10,Oct,2023,12,Thu
1003,26-02-2023,Premium,699,4.8,0,5,36,31,Yes,2,Feb,2023,26,Sun
1004,04-11-2024,Basic,199,15.2,1,3,21,57,Yes,11,Nov,2024,4,Mon
1005,27-05-2024,Basic,199,23.6,2,1,26,7,No,5,May,2024,27,Mon
1006,01-09-2023,Basic,199,16.8,8,2,34,31,No,9,Sep,2023,1,Fri
1007,04-02-2024,Premium,699,19.4,5,2,8,53,Yes,2,Feb,2024,4,Sun
1008,09-10-2023,Premium,699,23.4,3,1,16,6,No,10,Oct,2023,9,Mon
1009,26-04-2023,Standard,399,6.7,0,3,27,34,Yes,4,Apr,2023,26,Wed
1010,29-05-2023,Standard,399,10.9,3,2,35,56,No,5,May,2023,29,Mon
1011,12-09-2024,Standard,399,18,4,0,31,41,No,9,Sep,2024,12,Thu
1012,16-10-2024,Basic,199,17.4,3,2,4,35,Yes,10,Oct,2024,16,Wed
1013,29-03-2024,Premium,699,22.6,1,4,24,55,Yes,3,Mar,2024,29,Fri
1014,30-08-2023,Standard,399,22.8,6,2,1,19,Yes,8,Aug,2023,30,Wed
1015,21-10-2024,Standard,399,21.6,2,3,14,40,Yes,10,Oct,2024,21,Mon
1016,07-12-2023,Standard,399,7.2,1,3,3,30,No,12,Dec,2023,7,Thu
1017,09-03-2023,Premium,699,22,1,1,28,44,Yes,3,Mar,2023,9,Thu
1018,29-01-2023,Standard,399,15.3,8,5,27,20,Yes,1,Jan,2023,29,Sun
1019,09-11-2023,Basic,199,15.9,2,0,12,25,Yes,11,Nov,2023,9,Thu
1020,26-10-2024,Standard,399,3.2,3,4,6,45,No,10,Oct,2024,26,Sat
1021,17-05-2023,Basic,199,19.9,5,3,27,30,No,5,May,2023,17,Wed
1022,12-01-2024,Standard,399,17.3,5,2,12,12,Yes,1,Jan,2024,12,Fri
1023,25-07-2024,Basic,199,22,3,0,26,60,Yes,7,Jul,2024,25,Thu
1024,22-06-2023,Premium,699,22.7,7,1,15,16,No,6,Jun,2023,22,Thu
1025,24-06-2023,Basic,199,15.6,4,1,26,5,No,6,Jun,2023,24,Sat
1026,09-04-2024,Premium,699,0.8,8,3,8,49,Yes,4,Apr,2024,9,Tue
1027,30-09-2023,Premium,699,3.4,3,1,32,60,No,9,Sep,2023,30,Sat
1028,17-10-2023,Standard,399,9.9,6,1,32,38,Yes,10,Oct,2023,17,Tue
1029,26-09-2023,Premium,699,10.7,6,1,13,1,No,9,Sep,2023,26,Tue
1030,29-03-2023,Basic,199,22.7,5,4,29,43,Yes,3,Mar,2023,29,Wed
1031,31-12-2024,Basic,199,3.8,5,5,31,25,Yes,12,Dec,2024,31,Tue
1032,23-02-2023,Standard,399,18.5,4,0,28,6,No,2,Feb,2023,23,Thu
1033,04-09-2024,Standard,399,12,5,4,16,60,Yes,9,Sep,2024,4,Wed
1034,09-02-2024,Premium,699,0.6,8,4,3,24,Yes,2,Feb,2024,9,Fri
1035,23-06-2023,Premium,699,3.7,8,0,24,37,Yes,6,Jun,2023,23,Fri
1036,27-06-2024,Premium,699,23.3,7,1,32,5,No,6,Jun,2024,27,Thu
1037,15-10-2023,Standard,399,6.9,5,0,10,8,No,10,Oct,2023,15,Sun
1038,28-09-2023,Premium,699,23.2,4,2,24,39,No,9,Sep,2023,28,Thu
1039,04-06-2023,Premium,699,11.2,2,2,21,47,No,6,Jun,2023,4,Sun
1040,26-04-2024,Premium,699,1.8,2,0,29,14,Yes,4,Apr,2024,26,Fri
1041,11-02-2023,Standard,399,17.8,6,0,11,57,No,2,Feb,2023,11,Sat
1042,01-06-2023,Standard,399,24.7,8,3,23,29,Yes,6,Jun,2023,1,Thu
1043,04-06-2024,Basic,199,2.8,4,1,23,53,Yes,6,Jun,2024,4,Tue
1044,02-03-2024,Standard,399,14.8,0,4,14,49,Yes,3,Mar,2024,2,Sat
1045,27-11-2024,Basic,199,19.3,1,2,16,1,Yes,11,Nov,2024,27,Wed
1046,16-04-2024,Basic,199,9.7,1,2,26,9,Yes,4,Apr,2024,16,Tue
1047,14-02-2023,Premium,699,11.6,4,4,31,42,Yes,2,Feb,2023,14,Tue
1048,21-10-2024,Premium,699,8.5,2,1,29,55,Yes,10,Oct,2024,21,Mon
1049,05-04-2023,Standard,399,20.1,1,4,21,60,No,4,Apr,2023,5,Wed
1050,16-06-2023,Standard,399,4.9,6,0,17,1,No,6,Jun,2023,16,Fri
1051,18-03-2024,Standard,399,7.5,2,0,26,19,No,3,Mar,2024,18,Mon
1052,12-01-2024,Premium,699,22.6,2,2,20,42,Yes,1,Jan,2024,12,Fri
1053,09-03-2024,Premium,699,12.5,6,3,13,17,No,3,Mar,2024,9,Sat
1054,11-02-2023,Basic,199,20.4,2,3,28,40,Yes,2,Feb,2023,11,Sat
1055,22-05-2024,Premium,699,24.3,3,5,22,43,No,5,May,2024,22,Wed
1056,04-05-2024,Premium,699,2.6,7,3,34,5,No,5,May,2024,4,Sat
1057,05-08-2024,Standard,399,24.6,4,1,10,33,Yes,8,Aug,2024,5,Mon
1058,27-02-2024,Basic,199,2.4,0,4,36,6,Yes,2,Feb,2024,27,Tue
1059,30-05-2024,Basic,199,16.7,4,2,30,16,No,5,May,2024,30,Thu
1060,07-02-2024,Basic,199,18.6,7,1,8,50,Yes,2,Feb,2024,7,Wed
1061,17-11-2024,Basic,199,10.7,4,2,6,37,Yes,11,Nov,2024,17,Sun
1062,10-09-2024,Standard,399,8.9,2,1,17,11,Yes,9,Sep,2024,10,Tue
1063,25-06-2023,Standard,399,11.1,0,0,7,25,Yes,6,Jun,2023,25,Sun
1064,13-05-2024,Premium,699,11.8,6,5,31,47,Yes,5,May,2024,13,Mon
1065,15-01-2023,Standard,399,17.4,6,2,24,5,Yes,1,Jan,2023,15,Sun
1066,29-05-2023,Basic,199,20.5,3,0,8,13,No,5,May,2023,29,Mon
1067,19-04-2024,Premium,699,11.2,8,1,16,5,No,4,Apr,2024,19,Fri
1068,20-12-2024,Basic,199,10.8,1,1,31,57,Yes,12,Dec,2024,20,Fri
1069,06-08-2024,Standard,399,12.1,7,4,32,15,Yes,8,Aug,2024,6,Tue
1070,01-03-2024,Standard,399,8.7,1,5,4,54,No,3,Mar,2024,1,Fri
1071,28-08-2024,Standard,399,25,0,3,36,25,Yes,8,Aug,2024,28,Wed
1072,20-11-2023,Premium,699,6.2,0,4,32,1,No,11,Nov,2023,20,Mon
1073,23-10-2024,Premium,699,7.1,6,3,5,7,Yes,10,Oct,2024,23,Wed
1074,25-04-2024,Standard,399,17.6,0,1,29,18,No,4,Apr,2024,25,Thu
1075,08-09-2024,Standard,399,6.2,3,4,29,58,No,9,Sep,2024,8,Sun
1076,02-03-2024,Premium,699,3.7,4,5,30,45,Yes,3,Mar,2024,2,Sat
1077,30-03-2023,Premium,699,20,2,4,24,13,Yes,3,Mar,2023,30,Thu
1078,01-03-2024,Premium,699,3.7,3,1,31,38,Yes,3,Mar,2024,1,Fri
1079,25-09-2023,Standard,399,6.3,8,0,20,1,No,9,Sep,2023,25,Mon
1080,16-03-2024,Standard,399,4.8,8,0,11,51,Yes,3,Mar,2024,16,Sat
1081,30-12-2023,Basic,199,3.5,3,3,15,16,No,12,Dec,2023,30,Sat
1082,16-11-2024,Basic,199,7.1,2,5,36,55,Yes,11,Nov,2024,16,Sat
1083,19-04-2023,Basic,199,23.2,7,3,4,53,No,4,Apr,2023,19,Wed
1084,01-05-2023,Premium,699,20.7,0,4,7,6,Yes,5,May,2023,1,Mon
1085,25-05-2024,Basic,199,4.3,4,5,24,28,Yes,5,May,2024,25,Sat
1086,26-07-2023,Premium,699,4.3,5,2,7,52,Yes,7,Jul,2023,26,Wed
1087,16-12-2023,Standard,399,19.3,0,1,27,53,No,12,Dec,2023,16,Sat
1088,05-01-2024,Standard,399,4.7,4,2,33,45,Yes,1,Jan,2024,5,Fri
1089,15-03-2024,Premium,699,4.2,8,3,16,50,Yes,3,Mar,2024,15,Fri
1090,29-03-2024,Standard,399,22.5,8,5,27,23,No,3,Mar,2024,29,Fri
1091,16-02-2024,Basic,199,18.1,8,0,1,5,No,2,Feb,2024,16,Fri
1092,11-08-2024,Basic,199,2,0,5,28,59,Yes,8,Aug,2024,11,Sun
1093,20-07-2024,Basic,199,24.3,6,3,34,56,Yes,7,Jul,2024,20,Sat
1094,31-05-2023,Standard,399,22.8,0,2,21,57,Yes,5,May,2023,31,Wed
1095,29-10-2024,Premium,699,11.4,3,4,26,39,No,10,Oct,2024,29,Tue
1096,07-02-2023,Standard,399,22.2,6,1,23,56,Yes,2,Feb,2023,7,Tue
1097,06-04-2023,Premium,699,10.1,2,4,22,34,Yes,4,Apr,2023,6,Thu
1098,06-07-2024,Premium,699,8.2,5,5,36,10,Yes,7,Jul,2024,6,Sat
1099,24-04-2023,Premium,699,6.4,4,5,17,27,No,4,Apr,2023,24,Mon
1100,18-02-2023,Premium,699,21.1,4,5,4,32,Yes,2,Feb,2023,18,Sat
1101,18-08-2024,Premium,699,11.5,0,3,8,21,No,8,Aug,2024,18,Sun
1102,09-08-2024,Premium,699,21.2,3,2,35,19,Yes,8,Aug,2024,9,Fri
1103,12-06-2024,Premium,699,18,8,5,9,15,Yes,6,Jun,2024,12,Wed
1104,11-03-2024,Premium,699,20.7,5,3,13,6,Yes,3,Mar,2024,11,Mon
1105,21-03-2023,Standard,399,2.8,6,1,6,30,Yes,3,Mar,2023,21,Tue
1106,28-09-2023,Standard,399,10.4,8,4,34,49,Yes,9,Sep,2023,28,Thu
1107,02-03-2024,Premium,699,16.1,7,5,32,59,No,3,Mar,2024,2,Sat
1108,22-12-2024,Basic,199,12.9,7,5,10,29,Yes,12,Dec,2024,22,Sun
1109,10-06-2023,Premium,699,3.4,3,3,34,30,Yes,6,Jun,2023,10,Sat
1110,04-05-2023,Premium,699,23.1,1,4,24,54,Yes,5,May,2023,4,Thu
1111,19-01-2024,Standard,399,1.5,2,0,19,23,Yes,1,Jan,2024,19,Fri
1112,19-02-2023,Standard,399,12.4,2,1,19,50,No,2,Feb,2023,19,Sun
1113,11-03-2023,Standard,399,5.8,7,0,19,7,No,3,Mar,2023,11,Sat
1114,22-01-2024,Basic,199,12.3,4,4,27,28,No,1,Jan,2024,22,Mon
1115,14-11-2024,Standard,399,19.2,8,5,9,29,No,11,Nov,2024,14,Thu
1116,30-09-2024,Standard,399,21.7,5,0,10,51,No,9,Sep,2024,30,Mon
1117,17-11-2024,Standard,399,6.2,6,2,25,34,Yes,11,Nov,2024,17,Sun
1118,25-12-2024,Standard,399,16.3,2,5,18,1,No,12,Dec,2024,25,Wed
1119,08-07-2024,Standard,399,16.3,8,0,36,12,No,7,Jul,2024,8,Mon
1120,20-01-2023,Premium,699,24,8,1,4,48,Yes,1,Jan,2023,20,Fri
1121,23-12-2024,Basic,199,4.9,0,2,35,50,Yes,12,Dec,2024,23,Mon
1122,16-02-2023,Premium,699,2.6,8,4,29,20,Yes,2,Feb,2023,16,Thu
1123,21-11-2023,Standard,399,8.8,2,3,2,1,No,11,Nov,2023,21,Tue
1124,07-07-2023,Standard,399,2.7,1,4,17,10,Yes,7,Jul,2023,7,Fri
1125,30-11-2023,Standard,399,4.3,6,5,6,10,Yes,11,Nov,2023,30,Thu
1126,27-02-2024,Basic,199,18,4,3,2,6,Yes,2,Feb,2024,27,Tue
1127,03-09-2024,Standard,399,9.7,1,0,17,12,No,9,Sep,2024,3,Tue
1128,04-03-2023,Premium,699,12.6,8,3,16,60,Yes,3,Mar,2023,4,Sat
1129,28-08-2023,Standard,399,14.1,1,3,30,1,No,8,Aug,2023,28,Mon
1130,09-05-2023,Basic,199,14.1,1,1,18,48,No,5,May,2023,9,Tue
1131,18-01-2024,Standard,399,11.4,8,1,27,50,No,1,Jan,2024,18,Thu
1132,12-02-2023,Premium,699,19.7,8,3,11,58,Yes,2,Feb,2023,12,Sun
1133,08-05-2024,Basic,199,24,4,5,30,10,Yes,5,May,2024,8,Wed
1134,22-08-2024,Standard,399,21.1,6,2,17,53,Yes,8,Aug,2024,22,Thu
1135,09-02-2024,Premium,699,1.6,8,4,19,4,Yes,2,Feb,2024,9,Fri
1136,17-09-2024,Premium,699,20.8,8,2,8,56,Yes,9,Sep,2024,17,Tue
1137,25-12-2024,Premium,699,22.2,5,5,21,16,No,12,Dec,2024,25,Wed
1138,05-09-2024,Standard,399,6.5,5,2,18,13,Yes,9,Sep,2024,5,Thu
1139,02-05-2024,Standard,399,22.9,2,5,2,59,Yes,5,May,2024,2,Thu
1140,15-05-2024,Basic,199,17,6,4,1,57,Yes,5,May,2024,15,Wed
1141,18-11-2024,Standard,399,2.5,1,4,35,1,No,11,Nov,2024,18,Mon
1142,14-12-2024,Standard,399,9.1,6,4,8,22,Yes,12,Dec,2024,14,Sat
1143,21-01-2023,Basic,199,11.8,3,3,8,0,Yes,1,Jan,2023,21,Sat
1144,20-05-2024,Standard,399,5.2,4,5,23,14,Yes,5,May,2024,20,Mon
1145,15-10-2024,Standard,399,7.4,3,0,3,12,No,10,Oct,2024,15,Tue
1146,06-11-2024,Standard,399,21.8,8,3,8,10,No,11,Nov,2024,6,Wed
1147,06-08-2024,Premium,699,2.1,2,5,12,4,Yes,8,Aug,2024,6,Tue
1148,10-12-2024,Basic,199,18.4,4,1,34,54,No,12,Dec,2024,10,Tue
1149,18-10-2024,Premium,699,15.6,8,3,35,0,No,10,Oct,2024,18,Fri
1150,08-10-2023,Premium,699,21.4,5,3,4,54,No,10,Oct,2023,8,Sun
1151,18-08-2023,Basic,199,11.9,5,4,34,48,Yes,8,Aug,2023,18,Fri
1152,19-07-2023,Basic,199,23,8,3,18,20,Yes,7,Jul,2023,19,Wed
1153,09-03-2024,Standard,399,22.1,0,5,6,14,No,3,Mar,2024,9,Sat
1154,10-04-2023,Basic,199,5.3,5,2,16,4,No,4,Apr,2023,10,Mon
1155,09-12-2023,Basic,199,11.1,0,4,31,51,No,12,Dec,2023,9,Sat
1156,08-12-2023,Standard,399,3.1,3,2,16,53,Yes,12,Dec,2023,8,Fri
1157,08-05-2023,Premium,699,23.6,7,0,16,40,Yes,5,May,2023,8,Mon
1158,08-03-2023,Basic,199,23,6,2,4,56,No,3,Mar,2023,8,Wed
1159,18-03-2024,Basic,199,23,7,0,4,19,No,3,Mar,2024,18,Mon
1160,16-02-2024,Basic,199,17.1,8,0,7,18,No,2,Feb,2024,16,Fri
1161,14-03-2024,Basic,199,6.2,0,3,27,24,Yes,3,Mar,2024,14,Thu
1162,17-07-2023,Premium,699,8.8,0,3,7,33,Yes,7,Jul,2023,17,Mon
1163,09-08-2024,Basic,199,0.8,1,4,7,50,Yes,8,Aug,2024,9,Fri
1164,10-07-2023,Basic,199,6.8,6,3,33,46,Yes,7,Jul,2023,10,Mon
1165,09-06-2024,Basic,199,20,0,1,9,19,No,6,Jun,2024,9,Sun
1166,09-09-2024,Premium,699,8.1,8,1,23,9,No,9,Sep,2024,9,Mon
1167,29-05-2023,Standard,399,9.5,0,4,19,37,No,5,May,2023,29,Mon
1168,25-07-2023,Basic,199,12.9,8,0,16,27,Yes,7,Jul,2023,25,Tue
1169,09-12-2024,Premium,699,19.7,5,1,13,42,Yes,12,Dec,2024,9,Mon
1170,16-06-2023,Standard,399,21.4,5,4,22,19,Yes,6,Jun,2023,16,Fri
1171,16-10-2024,Basic,199,22,0,3,30,14,No,10,Oct,2024,16,Wed
1172,06-12-2023,Basic,199,11.9,3,1,15,30,No,12,Dec,2023,6,Wed
1173,02-01-2024,Premium,699,5.5,2,0,25,23,Yes,1,Jan,2024,2,Tue
1174,04-01-2024,Basic,199,3.3,4,3,36,12,Yes,1,Jan,2024,4,Thu
1175,28-06-2023,Basic,199,5.4,4,1,2,14,No,6,Jun,2023,28,Wed
1176,14-04-2023,Standard,399,6.5,3,0,36,11,No,4,Apr,2023,14,Fri
1177,12-04-2024,Basic,199,9.8,1,2,9,59,Yes,4,Apr,2024,12,Fri
1178,20-03-2024,Basic,199,20.3,2,4,24,51,No,3,Mar,2024,20,Wed
1179,12-12-2024,Premium,699,3.4,2,1,5,12,No,12,Dec,2024,12,Thu
1180,13-07-2023,Standard,399,15.2,3,0,21,48,No,7,Jul,2023,13,Thu
1181,14-10-2023,Premium,699,19.8,5,1,19,3,No,10,Oct,2023,14,Sat
1182,26-04-2024,Basic,199,24.2,7,1,33,46,Yes,4,Apr,2024,26,Fri
1183,25-05-2024,Premium,699,4.6,6,5,5,48,Yes,5,May,2024,25,Sat
1184,21-05-2024,Premium,699,4.9,5,4,30,44,Yes,5,May,2024,21,Tue
1185,07-04-2024,Standard,399,14.7,0,1,18,14,No,4,Apr,2024,7,Sun
1186,19-01-2024,Basic,199,5.9,6,3,26,36,Yes,1,Jan,2024,19,Fri
1187,24-08-2023,Standard,399,2.6,1,2,36,28,Yes,8,Aug,2023,24,Thu
1188,23-02-2024,Premium,699,11.9,5,3,3,28,Yes,2,Feb,2024,23,Fri
1189,29-09-2023,Standard,399,8.3,6,0,32,11,No,9,Sep,2023,29,Fri
1190,13-07-2024,Premium,699,9.3,1,2,5,53,Yes,7,Jul,2024,13,Sat
1191,09-02-2023,Premium,699,19.8,3,0,6,7,Yes,2,Feb,2023,9,Thu
1192,30-11-2024,Premium,699,8.7,5,2,13,19,No,11,Nov,2024,30,Sat
1193,25-09-2023,Standard,399,17.8,2,5,13,47,Yes,9,Sep,2023,25,Mon
1194,16-08-2024,Basic,199,7.4,5,3,20,60,Yes,8,Aug,2024,16,Fri
1195,21-08-2023,Premium,699,12.1,8,1,1,55,Yes,8,Aug,2023,21,Mon
1196,24-04-2024,Premium,699,12.1,8,4,14,50,Yes,4,Apr,2024,24,Wed
1197,15-12-2024,Premium,699,8.8,1,2,30,54,Yes,12,Dec,2024,15,Sun
1198,12-05-2023,Standard,399,11.2,8,0,14,23,Yes,5,May,2023,12,Fri
1199,03-12-2024,Standard,399,12.7,5,2,1,14,Yes,12,Dec,2024,3,Tue
1200,23-05-2023,Standard,399,7.8,0,4,35,50,Yes,5,May,2023,23,Tue
1201,07-03-2023,Basic,199,14.4,6,3,22,13,No,3,Mar,2023,7,Tue
1202,16-10-2024,Premium,699,5.1,1,2,25,36,No,10,Oct,2024,16,Wed
1203,09-09-2024,Standard,399,4.7,8,1,6,2,No,9,Sep,2024,9,Mon
1204,26-10-2023,Standard,399,5.1,1,3,2,18,Yes,10,Oct,2023,26,Thu
1205,01-12-2023,Premium,699,2.2,0,2,34,33,Yes,12,Dec,2023,1,Fri
1206,12-03-2023,Standard,399,4.3,1,1,26,34,Yes,3,Mar,2023,12,Sun
1207,11-11-2024,Standard,399,3.7,3,2,14,27,Yes,11,Nov,2024,11,Mon
1208,02-12-2024,Standard,399,15.3,4,4,11,12,No,12,Dec,2024,2,Mon
1209,11-09-2024,Standard,399,5.4,2,3,18,4,No,9,Sep,2024,11,Wed
1210,04-04-2023,Basic,199,8.6,7,3,34,29,Yes,4,Apr,2023,4,Tue
1211,29-06-2023,Standard,399,9,4,3,30,39,No,6,Jun,2023,29,Thu
1212,07-07-2023,Standard,399,4.9,6,3,16,24,Yes,7,Jul,2023,7,Fri
1213,08-10-2023,Premium,699,10.1,0,1,7,56,No,10,Oct,2023,8,Sun
1214,11-08-2023,Premium,699,7.7,1,5,35,46,No,8,Aug,2023,11,Fri
1215,18-04-2023,Standard,399,24.8,8,0,27,23,Yes,4,Apr,2023,18,Tue
1216,18-04-2024,Premium,699,10.5,2,2,21,13,No,4,Apr,2024,18,Thu
1217,19-07-2023,Basic,199,16.2,7,3,5,21,Yes,7,Jul,2023,19,Wed
1218,17-11-2024,Standard,399,0.8,1,5,3,58,Yes,11,Nov,2024,17,Sun
1219,31-12-2024,Premium,699,12.4,1,0,30,35,No,12,Dec,2024,31,Tue
1220,13-09-2024,Standard,399,12,4,1,9,10,No,9,Sep,2024,13,Fri
1221,18-11-2024,Basic,199,7.7,8,5,12,25,Yes,11,Nov,2024,18,Mon
1222,22-11-2024,Basic,199,4.3,5,1,18,13,No,11,Nov,2024,22,Fri
1223,09-11-2024,Premium,699,11.3,0,5,14,51,Yes,11,Nov,2024,9,Sat
1224,19-02-2023,Premium,699,10.1,4,3,7,3,No,2,Feb,2023,19,Sun
1225,07-03-2024,Standard,399,23.3,5,1,13,12,Yes,3,Mar,2024,7,Thu
1226,09-04-2023,Basic,199,8.8,3,5,1,42,Yes,4,Apr,2023,9,Sun
1227,01-12-2023,Premium,699,18.2,0,3,11,32,Yes,12,Dec,2023,1,Fri
1228,04-05-2023,Standard,399,15.9,3,4,36,25,No,5,May,2023,4,Thu
1229,20-11-2023,Basic,199,3.1,5,1,14,0,Yes,11,Nov,2023,20,Mon
1230,27-10-2024,Basic,199,5.7,3,0,25,42,No,10,Oct,2024,27,Sun
1231,26-05-2024,Premium,699,1.6,3,3,24,19,No,5,May,2024,26,Sun
1232,08-10-2024,Basic,199,19.9,2,2,35,6,No,10,Oct,2024,8,Tue
1233,05-12-2024,Premium,699,17.1,2,2,25,11,No,12,Dec,2024,5,Thu
1234,27-01-2024,Standard,399,2.2,0,4,31,58,Yes,1,Jan,2024,27,Sat
1235,08-05-2023,Premium,699,12.8,0,1,15,1,No,5,May,2023,8,Mon
1236,19-01-2024,Standard,399,18.6,3,4,16,5,Yes,1,Jan,2024,19,Fri
1237,04-09-2024,Standard,399,5.4,6,1,19,41,Yes,9,Sep,2024,4,Wed
1238,17-06-2024,Standard,399,3.8,5,5,22,50,Yes,6,Jun,2024,17,Mon
1239,30-07-2023,Standard,399,18.9,3,5,19,21,Yes,7,Jul,2023,30,Sun
1240,14-09-2024,Premium,699,22.7,3,5,4,44,No,9,Sep,2024,14,Sat
1241,18-05-2024,Standard,399,8.4,7,5,34,0,Yes,5,May,2024,18,Sat
1242,29-08-2024,Basic,199,1.8,2,1,13,8,Yes,8,Aug,2024,29,Thu
1243,18-06-2023,Premium,699,6.3,1,3,14,46,Yes,6,Jun,2023,18,Sun
1244,13-08-2024,Premium,699,6.5,2,4,13,15,Yes,8,Aug,2024,13,Tue
1245,12-02-2024,Standard,399,7.2,7,0,13,60,No,2,Feb,2024,12,Mon
1246,09-06-2023,Standard,399,12,6,4,11,39,Yes,6,Jun,2023,9,Fri
1247,04-11-2023,Standard,399,19.2,6,0,2,48,No,11,Nov,2023,4,Sat
1248,09-04-2024,Premium,699,4.2,2,2,35,24,Yes,4,Apr,2024,9,Tue
1249,25-04-2024,Standard,399,14.3,7,0,25,21,Yes,4,Apr,2024,25,Thu
1250,19-01-2024,Basic,199,22.9,0,0,10,55,No,1,Jan,2024,19,Fri
1251,12-11-2023,Standard,399,23.2,6,5,26,23,Yes,11,Nov,2023,12,Sun
1252,16-06-2023,Premium,699,10.5,0,0,5,24,No,6,Jun,2023,16,Fri
1253,06-12-2024,Basic,199,23.9,5,4,28,45,Yes,12,Dec,2024,6,Fri
1254,05-02-2023,Standard,399,16.4,6,5,4,15,Yes,2,Feb,2023,5,Sun
1255,28-11-2024,Standard,399,17.6,2,2,2,38,Yes,11,Nov,2024,28,Thu
1256,21-10-2024,Basic,199,6.6,2,0,17,7,No,10,Oct,2024,21,Mon
1257,09-03-2024,Premium,699,10.2,1,4,25,58,Yes,3,Mar,2024,9,Sat
1258,27-01-2024,Basic,199,6.7,4,4,28,34,Yes,1,Jan,2024,27,Sat
1259,19-12-2023,Premium,699,18.5,1,0,20,40,No,12,Dec,2023,19,Tue
1260,22-06-2023,Basic,199,18.8,6,5,18,19,Yes,6,Jun,2023,22,Thu
1261,17-03-2024,Standard,399,2.9,6,4,1,26,Yes,3,Mar,2024,17,Sun
1262,23-04-2023,Basic,199,9.7,2,1,12,31,Yes,4,Apr,2023,23,Sun
1263,16-07-2023,Standard,399,5,0,5,14,11,No,7,Jul,2023,16,Sun
1264,29-03-2023,Standard,399,11.3,1,5,27,10,Yes,3,Mar,2023,29,Wed
1265,11-05-2024,Standard,399,7.3,5,0,8,37,Yes,5,May,2024,11,Sat
1266,12-02-2023,Premium,699,0.7,4,0,7,42,Yes,2,Feb,2023,12,Sun
1267,30-09-2023,Basic,199,13.3,0,3,14,38,Yes,9,Sep,2023,30,Sat
1268,18-12-2023,Standard,399,19,6,2,31,23,Yes,12,Dec,2023,18,Mon
1269,31-12-2023,Standard,399,23.6,6,3,16,39,Yes,12,Dec,2023,31,Sun
1270,23-05-2023,Standard,399,0.6,6,5,7,53,Yes,5,May,2023,23,Tue
1271,13-01-2024,Basic,199,21.8,4,5,8,48,No,1,Jan,2024,13,Sat
1272,26-11-2023,Standard,399,13.1,3,0,31,40,No,11,Nov,2023,26,Sun
1273,11-05-2024,Basic,199,21.9,5,5,24,28,Yes,5,May,2024,11,Sat
1274,13-04-2023,Standard,399,9,7,5,6,54,Yes,4,Apr,2023,13,Thu
1275,08-08-2024,Premium,699,7.7,3,5,25,9,No,8,Aug,2024,8,Thu
1276,15-07-2024,Premium,699,1.3,7,0,33,19,No,7,Jul,2024,15,Mon
1277,07-09-2023,Standard,399,22.5,1,3,11,42,Yes,9,Sep,2023,7,Thu
1278,30-01-2023,Basic,199,19,1,0,11,27,No,1,Jan,2023,30,Mon
1279,02-05-2024,Basic,199,22.6,4,1,21,46,Yes,5,May,2024,2,Thu
1280,09-12-2024,Premium,699,16.8,8,5,8,46,Yes,12,Dec,2024,9,Mon
1281,26-01-2024,Standard,399,23.3,1,5,15,21,Yes,1,Jan,2024,26,Fri
1282,25-10-2023,Premium,699,24.2,6,1,36,14,No,10,Oct,2023,25,Wed
1283,12-01-2024,Basic,199,2.7,3,5,8,60,Yes,1,Jan,2024,12,Fri
1284,14-07-2023,Basic,199,23.9,0,2,21,3,No,7,Jul,2023,14,Fri
1285,16-06-2024,Standard,399,8.3,5,5,28,59,No,6,Jun,2024,16,Sun
1286,29-05-2023,Premium,699,3.1,0,4,15,54,Yes,5,May,2023,29,Mon
1287,12-11-2024,Standard,399,12.7,7,1,15,38,Yes,11,Nov,2024,12,Tue
1288,24-12-2024,Premium,699,15.2,4,4,3,44,Yes,12,Dec,2024,24,Tue
1289,21-01-2024,Premium,699,16,3,3,31,18,No,1,Jan,2024,21,Sun
1290,18-12-2024,Basic,199,4.2,3,5,22,59,Yes,12,Dec,2024,18,Wed
1291,06-11-2024,Premium,699,23.1,2,3,4,46,Yes,11,Nov,2024,6,Wed
1292,23-12-2023,Basic,199,13.9,5,3,2,43,Yes,12,Dec,2023,23,Sat
1293,18-12-2024,Standard,399,2.3,4,2,26,44,Yes,12,Dec,2024,18,Wed
1294,27-12-2024,Premium,699,2.9,5,4,26,55,Yes,12,Dec,2024,27,Fri
1295,29-05-2023,Standard,399,16.5,2,3,30,44,Yes,5,May,2023,29,Mon
1296,12-08-2024,Basic,199,20.2,3,5,14,41,Yes,8,Aug,2024,12,Mon
1297,27-02-2023,Basic,199,9.7,6,5,10,53,Yes,2,Feb,2023,27,Mon
1298,27-10-2024,Basic,199,24.4,2,0,23,7,No,10,Oct,2024,27,Sun
1299,11-02-2024,Standard,399,24.3,6,1,28,2,Yes,2,Feb,2024,11,Sun
1300,09-12-2024,Standard,399,17.4,2,5,20,47,Yes,12,Dec,2024,9,Mon
1301,12-01-2024,Premium,699,19.6,6,2,6,40,Yes,1,Jan,2024,12,Fri
1302,05-06-2024,Basic,199,3.4,1,3,8,41,Yes,6,Jun,2024,5,Wed
1303,30-08-2024,Basic,199,14.9,7,2,2,44,Yes,8,Aug,2024,30,Fri
1304,30-11-2023,Basic,199,12.4,6,2,25,36,Yes,11,Nov,2023,30,Thu
1305,26-06-2024,Basic,199,5,0,3,35,35,No,6,Jun,2024,26,Wed
1306,08-05-2023,Standard,399,13.2,8,5,5,52,No,5,May,2023,8,Mon
1307,18-11-2023,Basic,199,4.9,2,0,8,35,Yes,11,Nov,2023,18,Sat
1308,20-09-2023,Basic,199,3.7,3,5,3,10,Yes,9,Sep,2023,20,Wed
1309,25-06-2023,Basic,199,24.5,8,2,6,23,No,6,Jun,2023,25,Sun
1310,05-11-2024,Standard,399,6.6,0,4,1,57,No,11,Nov,2024,5,Tue
1311,27-12-2023,Premium,699,3.9,7,5,29,20,Yes,12,Dec,2023,27,Wed
1312,07-02-2023,Premium,699,13,1,5,35,52,Yes,2,Feb,2023,7,Tue
1313,28-08-2024,Basic,199,7.8,3,1,10,38,No,8,Aug,2024,28,Wed
1314,26-01-2024,Standard,399,3.6,6,0,18,35,Yes,1,Jan,2024,26,Fri
1315,12-12-2024,Premium,699,10.3,1,2,11,43,Yes,12,Dec,2024,12,Thu
1316,17-01-2024,Basic,199,5.5,4,5,35,44,Yes,1,Jan,2024,17,Wed
1317,20-03-2024,Premium,699,15.3,6,1,33,20,No,3,Mar,2024,20,Wed
1318,23-04-2023,Standard,399,24.1,3,0,2,17,No,4,Apr,2023,23,Sun
1319,08-12-2023,Premium,699,10.5,5,5,36,5,Yes,12,Dec,2023,8,Fri
1320,16-08-2023,Standard,399,21.8,3,2,10,0,Yes,8,Aug,2023,16,Wed
1321,10-11-2023,Standard,399,19.7,1,1,7,33,No,11,Nov,2023,10,Fri
1322,18-07-2024,Premium,699,2.8,5,5,32,36,Yes,7,Jul,2024,18,Thu
1323,05-07-2023,Standard,399,22.5,2,2,7,60,No,7,Jul,2023,5,Wed
1324,10-01-2023,Standard,399,14,6,3,35,37,Yes,1,Jan,2023,10,Tue
1325,01-10-2023,Premium,699,18,2,1,33,24,No,10,Oct,2023,1,Sun
1326,13-04-2024,Basic,199,17.8,3,5,24,38,Yes,4,Apr,2024,13,Sat
1327,14-03-2024,Basic,199,24.7,7,4,29,18,Yes,3,Mar,2024,14,Thu
1328,03-04-2023,Premium,699,8,1,2,15,26,No,4,Apr,2023,3,Mon
1329,28-03-2023,Premium,699,2.4,3,0,6,10,No,3,Mar,2023,28,Tue
1330,04-06-2024,Premium,699,14.1,7,0,19,60,Yes,6,Jun,2024,4,Tue
1331,15-12-2024,Premium,699,12.3,8,5,9,43,No,12,Dec,2024,15,Sun
1332,20-12-2024,Basic,199,0.8,3,5,26,0,No,12,Dec,2024,20,Fri
1333,04-04-2024,Premium,699,6.5,8,5,23,38,Yes,4,Apr,2024,4,Thu
1334,10-06-2024,Basic,199,22.6,2,0,34,23,No,6,Jun,2024,10,Mon
1335,13-12-2023,Standard,399,10.9,6,1,4,23,No,12,Dec,2023,13,Wed
1336,29-09-2023,Premium,699,20.9,1,2,16,19,No,9,Sep,2023,29,Fri
1337,20-10-2024,Basic,199,18.6,6,1,1,59,Yes,10,Oct,2024,20,Sun
1338,16-04-2024,Premium,699,23.4,7,0,3,22,Yes,4,Apr,2024,16,Tue
1339,16-02-2024,Standard,399,9.2,0,2,20,56,No,2,Feb,2024,16,Fri
1340,07-06-2023,Standard,399,3,7,1,1,5,No,6,Jun,2023,7,Wed
1341,20-08-2023,Standard,399,22.9,0,1,8,49,No,8,Aug,2023,20,Sun
1342,03-10-2023,Standard,399,9.7,5,3,26,57,Yes,10,Oct,2023,3,Tue
1343,20-03-2024,Basic,199,16.6,7,1,29,8,No,3,Mar,2024,20,Wed
1344,17-05-2023,Basic,199,22.1,3,0,23,12,No,5,May,2023,17,Wed
1345,05-05-2024,Standard,399,18.7,0,1,27,42,Yes,5,May,2024,5,Sun
1346,11-05-2023,Premium,699,3.4,7,4,18,31,Yes,5,May,2023,11,Thu
1347,22-01-2023,Standard,399,12.8,6,1,26,7,No,1,Jan,2023,22,Sun
1348,17-12-2023,Basic,199,8.9,0,5,10,15,Yes,12,Dec,2023,17,Sun
1349,15-03-2024,Standard,399,11.1,4,2,1,31,Yes,3,Mar,2024,15,Fri
1350,27-09-2023,Basic,199,18.4,2,1,10,17,No,9,Sep,2023,27,Wed
1351,16-04-2023,Premium,699,16.8,6,1,16,30,No,4,Apr,2023,16,Sun
1352,23-08-2023,Premium,699,15.5,3,4,33,40,No,8,Aug,2023,23,Wed
1353,19-01-2023,Basic,199,10.3,4,1,9,59,Yes,1,Jan,2023,19,Thu
1354,17-12-2024,Premium,699,2.7,0,3,13,26,Yes,12,Dec,2024,17,Tue
1355,21-10-2024,Premium,699,5.9,6,3,15,3,No,10,Oct,2024,21,Mon
1356,04-03-2024,Basic,199,3.2,5,2,20,60,Yes,3,Mar,2024,4,Mon
1357,26-11-2023,Basic,199,22.4,2,0,21,0,Yes,11,Nov,2023,26,Sun
1358,18-05-2024,Basic,199,12.1,1,3,19,11,Yes,5,May,2024,18,Sat
1359,14-05-2023,Standard,399,8,1,5,22,0,No,5,May,2023,14,Sun
1360,11-09-2024,Standard,399,18.7,5,5,24,49,Yes,9,Sep,2024,11,Wed
1361,19-04-2023,Standard,399,16.4,3,4,16,24,Yes,4,Apr,2023,19,Wed
1362,12-04-2023,Basic,199,1.5,3,1,8,45,Yes,4,Apr,2023,12,Wed
1363,26-07-2023,Basic,199,15.7,4,5,35,30,No,7,Jul,2023,26,Wed
1364,27-07-2024,Premium,699,1.6,3,3,10,35,Yes,7,Jul,2024,27,Sat
1365,20-06-2024,Standard,399,11.5,1,3,24,4,No,6,Jun,2024,20,Thu
1366,02-08-2024,Premium,699,4.6,4,5,2,8,Yes,8,Aug,2024,2,Fri
1367,09-06-2024,Basic,199,18.6,6,3,13,43,Yes,6,Jun,2024,9,Sun
1368,15-02-2024,Basic,199,11.2,8,3,11,35,No,2,Feb,2024,15,Thu
1369,14-12-2024,Premium,699,5.6,0,1,18,36,Yes,12,Dec,2024,14,Sat
1370,31-10-2023,Basic,199,11.7,8,2,33,19,No,10,Oct,2023,31,Tue
1371,26-10-2023,Premium,699,14,2,1,18,2,No,10,Oct,2023,26,Thu
1372,22-02-2023,Basic,199,23.6,4,1,10,17,No,2,Feb,2023,22,Wed
1373,22-12-2023,Premium,699,24.7,3,4,16,7,Yes,12,Dec,2023,22,Fri
1374,18-09-2024,Premium,699,8.5,8,2,24,46,Yes,9,Sep,2024,18,Wed
1375,14-10-2023,Standard,399,24.6,0,2,21,14,No,10,Oct,2023,14,Sat
1376,20-08-2024,Basic,199,24.3,8,5,17,55,No,8,Aug,2024,20,Tue
1377,31-07-2023,Basic,199,23.7,4,5,25,40,Yes,7,Jul,2023,31,Mon
1378,09-02-2024,Standard,399,8.4,3,4,15,40,No,2,Feb,2024,9,Fri
1379,06-04-2023,Basic,199,6.2,6,2,29,9,No,4,Apr,2023,6,Thu
1380,04-07-2023,Standard,399,11.8,2,1,12,36,No,7,Jul,2023,4,Tue
1381,14-09-2024,Premium,699,1,2,1,19,52,Yes,9,Sep,2024,14,Sat
1382,17-02-2024,Basic,199,4,6,1,5,29,No,2,Feb,2024,17,Sat
1383,22-01-2023,Basic,199,3.9,0,4,34,6,Yes,1,Jan,2023,22,Sun
1384,02-10-2023,Basic,199,19.2,0,1,1,15,No,10,Oct,2023,2,Mon
1385,13-12-2023,Basic,199,19.9,0,0,1,34,No,12,Dec,2023,13,Wed
1386,17-06-2023,Premium,699,5.5,7,4,6,57,Yes,6,Jun,2023,17,Sat
1387,04-10-2024,Standard,399,12.2,3,0,22,34,No,10,Oct,2024,4,Fri
1388,07-06-2024,Premium,699,1,0,0,8,34,Yes,6,Jun,2024,7,Fri
1389,31-05-2023,Standard,399,0.5,3,0,10,14,No,5,May,2023,31,Wed
1390,26-04-2023,Standard,399,6,6,5,19,56,Yes,4,Apr,2023,26,Wed
1391,22-09-2024,Standard,399,24.8,3,0,11,18,No,9,Sep,2024,22,Sun
1392,14-03-2024,Standard,399,9.3,1,0,8,38,Yes,3,Mar,2024,14,Thu
1393,05-11-2023,Premium,699,15.2,6,1,22,57,No,11,Nov,2023,5,Sun
1394,13-01-2024,Premium,699,9,1,2,19,58,Yes,1,Jan,2024,13,Sat
1395,04-02-2024,Standard,399,19.8,2,5,5,9,Yes,2,Feb,2024,4,Sun
1396,13-10-2023,Standard,399,20.5,1,4,31,27,No,10,Oct,2023,13,Fri
1397,23-11-2023,Basic,199,8.4,2,1,6,49,No,11,Nov,2023,23,Thu
1398,22-05-2023,Standard,399,12.3,6,4,28,50,Yes,5,May,2023,22,Mon
1399,29-06-2024,Premium,699,9.9,8,3,16,34,Yes,6,Jun,2024,29,Sat
1400,13-08-2023,Premium,699,9.9,6,4,15,36,No,8,Aug,2023,13,Sun
1401,25-07-2024,Premium,699,6.3,0,1,6,54,Yes,7,Jul,2024,25,Thu
1402,23-05-2023,Standard,399,23.1,0,2,9,23,No,5,May,2023,23,Tue
1403,18-08-2023,Standard,399,4,8,3,30,15,Yes,8,Aug,2023,18,Fri
1404,10-03-2024,Basic,199,3.4,2,3,9,46,Yes,3,Mar,2024,10,Sun
1405,11-06-2023,Standard,399,17.7,1,3,4,53,Yes,6,Jun,2023,11,Sun
1406,02-03-2024,Basic,199,9.4,1,1,10,4,Yes,3,Mar,2024,2,Sat
1407,03-11-2023,Basic,199,12,2,5,12,33,No,11,Nov,2023,3,Fri
1408,24-04-2023,Standard,399,18.2,7,5,27,44,Yes,4,Apr,2023,24,Mon
1409,14-06-2023,Basic,199,22.1,0,4,4,48,Yes,6,Jun,2023,14,Wed
1410,08-08-2024,Basic,199,20.9,7,4,26,45,No,8,Aug,2024,8,Thu
1411,18-06-2024,Premium,699,17.9,6,1,20,17,No,6,Jun,2024,18,Tue
1412,08-07-2023,Standard,399,18.7,6,4,9,3,Yes,7,Jul,2023,8,Sat
1413,30-10-2024,Premium,699,15.3,1,5,36,29,Yes,10,Oct,2024,30,Wed
1414,10-03-2024,Premium,699,20.8,2,0,26,51,No,3,Mar,2024,10,Sun
1415,10-12-2023,Basic,199,3.2,1,2,18,38,Yes,12,Dec,2023,10,Sun
1416,12-01-2023,Basic,199,7.4,8,0,16,4,Yes,1,Jan,2023,12,Thu
1417,06-08-2024,Standard,399,14,0,1,13,17,Yes,8,Aug,2024,6,Tue
1418,13-11-2023,Premium,699,14.3,7,0,3,3,No,11,Nov,2023,13,Mon
1419,05-02-2024,Basic,199,18.9,6,4,23,12,Yes,2,Feb,2024,5,Mon
1420,30-05-2024,Premium,699,24.4,1,2,23,26,No,5,May,2024,30,Thu
1421,03-05-2024,Basic,199,20.3,2,0,33,37,No,5,May,2024,3,Fri
1422,02-10-2024,Premium,699,7.6,2,5,3,29,Yes,10,Oct,2024,2,Wed
1423,28-05-2024,Basic,199,22.2,2,5,15,10,No,5,May,2024,28,Tue
1424,25-10-2023,Premium,699,23.3,5,3,34,50,Yes,10,Oct,2023,25,Wed
1425,13-09-2024,Standard,399,1.5,6,1,28,13,No,9,Sep,2024,13,Fri
1426,13-11-2023,Basic,199,14.4,7,0,10,51,Yes,11,Nov,2023,13,Mon
1427,15-06-2023,Premium,699,12.7,7,2,6,10,No,6,Jun,2023,15,Thu
1428,16-04-2024,Basic,199,14.6,5,0,18,4,Yes,4,Apr,2024,16,Tue
1429,07-05-2023,Standard,399,24.5,7,5,31,59,Yes,5,May,2023,7,Sun
1430,27-11-2024,Premium,699,1.5,4,3,32,26,Yes,11,Nov,2024,27,Wed
1431,02-06-2024,Basic,199,9.5,5,2,29,5,No,6,Jun,2024,2,Sun
1432,08-09-2023,Standard,399,22,0,4,17,41,Yes,9,Sep,2023,8,Fri
1433,13-02-2024,Premium,699,0.7,1,2,36,24,Yes,2,Feb,2024,13,Tue
1434,24-04-2024,Basic,199,10,7,5,15,5,Yes,4,Apr,2024,24,Wed
1435,21-04-2023,Premium,699,22.6,7,0,35,5,Yes,4,Apr,2023,21,Fri
1436,10-09-2024,Standard,399,5.4,5,0,28,20,No,9,Sep,2024,10,Tue
1437,12-07-2024,Standard,399,17.7,7,0,14,17,No,7,Jul,2024,12,Fri
1438,07-09-2024,Basic,199,4.1,3,2,31,36,Yes,9,Sep,2024,7,Sat
1439,05-08-2023,Standard,399,23.4,5,3,4,30,Yes,8,Aug,2023,5,Sat
1440,19-02-2024,Basic,199,7.1,2,0,28,9,Yes,2,Feb,2024,19,Mon
1441,23-09-2023,Basic,199,21.9,7,3,20,33,Yes,9,Sep,2023,23,Sat
1442,23-07-2023,Basic,199,2.8,6,2,4,48,Yes,7,Jul,2023,23,Sun
1443,14-12-2024,Standard,399,12.3,8,5,27,50,Yes,12,Dec,2024,14,Sat
1444,03-09-2024,Standard,399,22.9,6,0,23,35,No,9,Sep,2024,3,Tue
1445,21-11-2023,Basic,199,18.2,2,2,5,42,No,11,Nov,2023,21,Tue
1446,21-11-2024,Basic,199,22.5,2,3,10,55,Yes,11,Nov,2024,21,Thu
1447,09-05-2023,Standard,399,13.3,0,3,17,60,No,5,May,2023,9,Tue
1448,12-07-2023,Premium,699,16.2,1,0,29,13,No,7,Jul,2023,12,Wed
1449,15-07-2023,Standard,399,19.5,6,1,35,22,Yes,7,Jul,2023,15,Sat
1450,29-05-2024,Premium,699,9.6,5,0,1,19,No,5,May,2024,29,Wed
1451,09-07-2024,Basic,199,16.4,7,3,32,26,Yes,7,Jul,2024,9,Tue
1452,14-03-2024,Standard,399,24.4,5,0,34,59,Yes,3,Mar,2024,14,Thu
1453,06-11-2024,Standard,399,14,2,4,12,27,Yes,11,Nov,2024,6,Wed
1454,02-04-2023,Premium,699,16,1,0,28,51,No,4,Apr,2023,2,Sun
1455,30-09-2024,Premium,699,15.6,6,0,2,31,No,9,Sep,2024,30,Mon
1456,24-10-2023,Premium,699,16,8,4,7,51,Yes,10,Oct,2023,24,Tue
1457,25-04-2024,Standard,399,6,7,4,14,24,Yes,4,Apr,2024,25,Thu
1458,21-12-2024,Basic,199,24.2,7,3,23,58,No,12,Dec,2024,21,Sat
1459,05-11-2024,Premium,699,0.7,5,1,26,32,Yes,11,Nov,2024,5,Tue
1460,29-02-2024,Standard,399,21,6,5,20,15,Yes,2,Feb,2024,29,Thu
1461,22-11-2023,Basic,199,1.1,5,4,1,52,Yes,11,Nov,2023,22,Wed
1462,17-07-2023,Standard,399,24,6,1,11,35,No,7,Jul,2023,17,Mon
1463,27-06-2023,Premium,699,20.8,6,1,26,60,No,6,Jun,2023,27,Tue
1464,10-05-2023,Standard,399,13.2,6,1,21,6,No,5,May,2023,10,Wed
1465,20-07-2024,Premium,699,16,6,5,8,58,Yes,7,Jul,2024,20,Sat
1466,30-08-2024,Basic,199,5.5,1,0,21,27,Yes,8,Aug,2024,30,Fri
1467,14-05-2023,Basic,199,15.6,8,0,2,36,Yes,5,May,2023,14,Sun
1468,09-09-2023,Standard,399,5.1,3,2,23,12,No,9,Sep,2023,9,Sat
1469,04-10-2024,Premium,699,19.4,0,2,25,5,No,10,Oct,2024,4,Fri
1470,04-07-2023,Basic,199,3.2,1,0,7,9,Yes,7,Jul,2023,4,Tue
1471,23-01-2023,Basic,199,12.6,5,1,5,25,Yes,1,Jan,2023,23,Mon
1472,18-11-2023,Standard,399,12.4,1,1,5,43,No,11,Nov,2023,18,Sat
1473,06-11-2024,Premium,699,20.3,2,2,29,0,No,11,Nov,2024,6,Wed
1474,06-09-2024,Premium,699,3.4,5,2,3,30,Yes,9,Sep,2024,6,Fri
1475,02-07-2024,Premium,699,4.4,4,0,1,12,No,7,Jul,2024,2,Tue
1476,11-08-2023,Basic,199,13,2,1,34,55,No,8,Aug,2023,11,Fri
1477,02-10-2023,Basic,199,3.9,1,5,21,44,No,10,Oct,2023,2,Mon
1478,29-10-2023,Standard,399,5.4,1,2,31,45,Yes,10,Oct,2023,29,Sun
1479,04-12-2024,Standard,399,11.2,6,1,32,16,Yes,12,Dec,2024,4,Wed
1480,16-11-2023,Premium,699,24.1,1,4,18,50,No,11,Nov,2023,16,Thu
1481,02-09-2024,Basic,199,23.9,7,3,14,56,Yes,9,Sep,2024,2,Mon
1482,03-08-2024,Premium,699,20.5,1,4,18,24,Yes,8,Aug,2024,3,Sat
1483,07-06-2024,Standard,399,22.5,1,3,24,10,No,6,Jun,2024,7,Fri
1484,04-07-2023,Standard,399,7.7,8,2,27,25,Yes,7,Jul,2023,4,Tue
1485,16-01-2024,Standard,399,19.9,5,1,28,4,Yes,1,Jan,2024,16,Tue
1486,03-12-2023,Standard,399,19.6,1,0,10,20,No,12,Dec,2023,3,Sun
1487,18-10-2023,Basic,199,14.4,5,1,30,35,Yes,10,Oct,2023,18,Wed
1488,18-11-2024,Premium,699,13.4,1,4,14,17,No,11,Nov,2024,18,Mon
1489,21-07-2023,Basic,199,17.2,6,2,27,52,Yes,7,Jul,2023,21,Fri
1490,25-06-2023,Basic,199,12.7,4,3,32,7,Yes,6,Jun,2023,25,Sun
1491,21-10-2024,Premium,699,15,3,4,21,1,Yes,10,Oct,2024,21,Mon
1492,07-02-2023,Premium,699,22.8,4,1,1,53,No,2,Feb,2023,7,Tue
1493,01-03-2024,Premium,699,1.5,0,0,34,30,Yes,3,Mar,2024,1,Fri
1494,17-11-2023,Premium,699,7.2,5,3,20,5,No,11,Nov,2023,17,Fri
1495,05-05-2023,Standard,399,10.1,7,3,4,54,Yes,5,May,2023,5,Fri
1496,27-11-2023,Standard,399,1.2,0,0,7,8,Yes,11,Nov,2023,27,Mon
1497,13-01-2024,Premium,699,6,1,1,28,46,No,1,Jan,2024,13,Sat
1498,24-04-2023,Premium,699,23.4,0,2,1,56,No,4,Apr,2023,24,Mon
1499,24-01-2024,Basic,199,2.3,5,5,20,39,Yes,1,Jan,2024,24,Wed
1500,01-06-2023,Standard,399,23.2,7,0,11,8,No,6,Jun,2023,1,Thu
1501,04-05-2024,Premium,699,16.1,1,4,27,33,Yes,5,May,2024,4,Sat
1502,28-09-2023,Premium,699,24.4,5,5,32,30,Yes,9,Sep,2023,28,Thu
1503,30-07-2023,Standard,399,9.1,3,5,6,41,No,7,Jul,2023,30,Sun
1504,10-08-2023,Premium,699,2.3,7,0,5,13,Yes,8,Aug,2023,10,Thu
1505,24-06-2024,Standard,399,5.1,1,2,25,13,No,6,Jun,2024,24,Mon
1506,31-05-2024,Premium,699,19.1,4,5,21,29,Yes,5,May,2024,31,Fri
1507,09-06-2024,Basic,199,5.9,5,3,9,28,No,6,Jun,2024,9,Sun
1508,14-08-2024,Basic,199,5.1,4,3,26,10,No,8,Aug,2024,14,Wed
1509,16-04-2024,Premium,699,4.1,1,5,7,7,Yes,4,Apr,2024,16,Tue
1510,17-07-2024,Basic,199,1.2,8,3,18,22,Yes,7,Jul,2024,17,Wed
1511,08-12-2023,Basic,199,11.1,2,3,23,32,Yes,12,Dec,2023,8,Fri
1512,08-03-2024,Basic,199,7.2,1,0,29,41,No,3,Mar,2024,8,Fri
1513,20-05-2024,Basic,199,5.1,2,4,19,17,No,5,May,2024,20,Mon
1514,13-08-2023,Premium,699,3.2,0,5,28,15,No,8,Aug,2023,13,Sun
1515,10-10-2023,Basic,199,22.4,4,1,4,4,No,10,Oct,2023,10,Tue
1516,09-12-2024,Basic,199,10.1,1,1,26,46,No,12,Dec,2024,9,Mon
1517,02-09-2024,Standard,399,5.5,3,2,32,40,Yes,9,Sep,2024,2,Mon
1518,09-11-2023,Standard,399,2.8,8,5,1,39,Yes,11,Nov,2023,9,Thu
1519,11-04-2024,Premium,699,4.7,1,1,16,11,Yes,4,Apr,2024,11,Thu
1520,28-09-2023,Basic,199,16.8,6,2,1,1,Yes,9,Sep,2023,28,Thu
1521,20-08-2024,Basic,199,17.1,0,4,11,22,No,8,Aug,2024,20,Tue
1522,03-08-2024,Basic,199,21.9,7,0,32,2,No,8,Aug,2024,3,Sat
1523,07-04-2023,Premium,699,21,8,4,19,10,No,4,Apr,2023,7,Fri
1524,12-07-2024,Basic,199,20.2,5,3,20,31,Yes,7,Jul,2024,12,Fri
1525,28-12-2024,Standard,399,6.7,7,0,32,52,Yes,12,Dec,2024,28,Sat
1526,17-10-2024,Standard,399,19.5,7,0,34,17,No,10,Oct,2024,17,Thu
1527,01-02-2023,Basic,199,24.5,3,5,10,9,No,2,Feb,2023,1,Wed
1528,16-10-2024,Basic,199,9.3,1,1,28,58,No,10,Oct,2024,16,Wed
1529,29-09-2023,Basic,199,22,8,3,18,56,Yes,9,Sep,2023,29,Fri
1530,10-10-2023,Premium,699,22.3,6,4,23,26,No,10,Oct,2023,10,Tue
1531,06-05-2023,Standard,399,1.5,8,5,13,21,Yes,5,May,2023,6,Sat
1532,25-05-2024,Standard,399,14.4,5,2,30,7,No,5,May,2024,25,Sat
1533,11-11-2024,Premium,699,11.9,2,4,10,18,No,11,Nov,2024,11,Mon
1534,11-08-2023,Basic,199,12.4,1,2,20,0,No,8,Aug,2023,11,Fri
1535,01-01-2023,Standard,399,1.8,4,0,8,27,Yes,1,Jan,2023,1,Sun
1536,28-07-2024,Basic,199,3.9,4,4,17,42,Yes,7,Jul,2024,28,Sun
1537,24-03-2023,Basic,199,18,2,5,6,12,No,3,Mar,2023,24,Fri
1538,31-01-2024,Standard,399,1.3,5,1,15,51,Yes,1,Jan,2024,31,Wed
1539,15-11-2023,Standard,399,24.2,1,2,26,58,Yes,11,Nov,2023,15,Wed
1540,24-07-2023,Basic,199,17.1,5,4,28,8,No,7,Jul,2023,24,Mon
1541,03-08-2024,Standard,399,10.7,3,2,9,19,Yes,8,Aug,2024,3,Sat
1542,28-03-2024,Premium,699,13.9,6,3,30,6,Yes,3,Mar,2024,28,Thu
1543,06-03-2024,Premium,699,12.8,5,3,21,22,Yes,3,Mar,2024,6,Wed
1544,24-05-2023,Standard,399,1.2,8,0,30,49,Yes,5,May,2023,24,Wed
1545,02-08-2024,Premium,699,19.8,8,2,20,8,No,8,Aug,2024,2,Fri
1546,18-04-2024,Standard,399,19,6,1,4,25,No,4,Apr,2024,18,Thu
1547,27-10-2024,Premium,699,21.1,1,0,30,17,No,10,Oct,2024,27,Sun
1548,04-03-2023,Basic,199,15.1,4,4,22,30,Yes,3,Mar,2023,4,Sat
1549,29-07-2024,Basic,199,18.6,0,5,33,13,No,7,Jul,2024,29,Mon
1550,07-01-2023,Premium,699,3.8,2,2,32,40,Yes,1,Jan,2023,7,Sat
1551,16-06-2024,Standard,399,3.3,0,1,13,38,No,6,Jun,2024,16,Sun
1552,05-02-2024,Basic,199,5.5,7,0,16,53,No,2,Feb,2024,5,Mon
1553,13-07-2024,Basic,199,7.8,7,1,8,52,Yes,7,Jul,2024,13,Sat
1554,09-07-2023,Standard,399,21.6,1,3,29,9,No,7,Jul,2023,9,Sun
1555,24-10-2023,Basic,199,4.7,8,1,16,30,Yes,10,Oct,2023,24,Tue
1556,31-01-2024,Premium,699,24,7,2,7,42,Yes,1,Jan,2024,31,Wed
1557,04-05-2023,Premium,699,11.9,6,1,7,1,No,5,May,2023,4,Thu
1558,03-11-2024,Premium,699,0.8,4,0,25,41,Yes,11,Nov,2024,3,Sun
1559,14-04-2024,Premium,699,1.5,5,1,29,29,No,4,Apr,2024,14,Sun
1560,04-08-2023,Standard,399,24.6,5,4,1,54,No,8,Aug,2023,4,Fri
1561,02-11-2024,Standard,399,10.1,1,1,34,41,Yes,11,Nov,2024,2,Sat
1562,07-11-2023,Premium,699,11.8,2,2,22,50,No,11,Nov,2023,7,Tue
1563,04-07-2023,Standard,399,22.9,7,3,5,30,Yes,7,Jul,2023,4,Tue
1564,25-08-2024,Premium,699,19.5,8,2,33,8,No,8,Aug,2024,25,Sun
1565,12-06-2023,Premium,699,14.8,6,0,23,2,Yes,6,Jun,2023,12,Mon
1566,26-08-2023,Basic,199,16.8,7,5,7,30,Yes,8,Aug,2023,26,Sat
1567,06-03-2024,Premium,699,3.1,2,5,16,57,Yes,3,Mar,2024,6,Wed
1568,28-03-2024,Basic,199,15.5,1,0,4,54,No,3,Mar,2024,28,Thu
1569,17-05-2023,Standard,399,23.1,5,0,2,44,Yes,5,May,2023,17,Wed
1570,19-08-2023,Premium,699,5.4,4,3,36,28,Yes,8,Aug,2023,19,Sat
1571,06-10-2024,Basic,199,11.1,8,1,11,5,No,10,Oct,2024,6,Sun
1572,04-08-2024,Premium,699,5.5,2,0,7,23,No,8,Aug,2024,4,Sun
1573,07-08-2024,Premium,699,8.8,8,3,5,12,No,8,Aug,2024,7,Wed
1574,13-03-2024,Standard,399,9.1,8,1,33,51,Yes,3,Mar,2024,13,Wed
1575,14-04-2023,Premium,699,21.9,1,1,25,50,No,4,Apr,2023,14,Fri
1576,24-10-2023,Basic,199,6.1,8,2,32,1,Yes,10,Oct,2023,24,Tue
1577,12-08-2024,Standard,399,17.7,1,1,25,18,Yes,8,Aug,2024,12,Mon
1578,13-07-2024,Basic,199,23.3,8,2,34,25,Yes,7,Jul,2024,13,Sat
1579,07-03-2024,Premium,699,14.8,4,5,8,1,Yes,3,Mar,2024,7,Thu
1580,04-12-2023,Standard,399,8.7,0,1,13,13,No,12,Dec,2023,4,Mon
1581,06-02-2023,Premium,699,6.3,1,4,4,57,No,2,Feb,2023,6,Mon
1582,05-10-2023,Standard,399,23.8,1,4,5,30,No,10,Oct,2023,5,Thu
1583,17-03-2024,Premium,699,3,7,4,3,14,Yes,3,Mar,2024,17,Sun
1584,20-07-2023,Standard,399,19.6,3,0,20,59,Yes,7,Jul,2023,20,Thu
1585,22-01-2024,Premium,699,17.2,0,4,25,30,Yes,1,Jan,2024,22,Mon
1586,01-05-2023,Premium,699,11,6,4,9,8,Yes,5,May,2023,1,Mon
1587,26-08-2023,Premium,699,9.1,5,3,24,58,Yes,8,Aug,2023,26,Sat
1588,16-01-2023,Basic,199,6.1,8,4,1,2,No,1,Jan,2023,16,Mon
1589,17-10-2023,Premium,699,20.4,1,0,16,8,No,10,Oct,2023,17,Tue
1590,05-05-2024,Basic,199,9.1,3,2,21,8,No,5,May,2024,5,Sun
1591,21-05-2024,Premium,699,16.6,1,2,8,60,Yes,5,May,2024,21,Tue
1592,11-01-2024,Premium,699,22.5,3,3,23,45,Yes,1,Jan,2024,11,Thu
1593,15-12-2024,Premium,699,21.8,3,4,19,57,Yes,12,Dec,2024,15,Sun
1594,12-05-2024,Premium,699,3.1,5,3,33,45,Yes,5,May,2024,12,Sun
1595,20-07-2024,Standard,399,5.5,2,4,6,14,Yes,7,Jul,2024,20,Sat
1596,27-10-2024,Basic,199,9.6,2,0,8,15,No,10,Oct,2024,27,Sun
1597,04-11-2023,Standard,399,1,0,2,8,17,Yes,11,Nov,2023,4,Sat
1598,29-01-2024,Basic,199,7.3,6,3,4,1,No,1,Jan,2024,29,Mon
1599,23-02-2023,Standard,399,6,6,1,3,42,Yes,2,Feb,2023,23,Thu
1600,11-12-2023,Premium,699,1.3,5,0,20,58,Yes,12,Dec,2023,11,Mon
1601,13-03-2024,Standard,399,19.1,5,5,14,53,Yes,3,Mar,2024,13,Wed
1602,25-11-2024,Premium,699,20.3,8,3,4,60,Yes,11,Nov,2024,25,Mon
1603,23-04-2024,Standard,399,11.9,8,2,35,10,No,4,Apr,2024,23,Tue
1604,08-10-2023,Premium,699,3.7,0,2,16,51,Yes,10,Oct,2023,8,Sun
1605,22-09-2024,Basic,199,19.4,4,2,16,36,Yes,9,Sep,2024,22,Sun
1606,13-01-2023,Standard,399,7.1,4,5,24,51,No,1,Jan,2023,13,Fri
1607,18-04-2024,Basic,199,14.4,5,2,20,54,Yes,4,Apr,2024,18,Thu
1608,23-07-2024,Basic,199,0.7,0,2,29,30,Yes,7,Jul,2024,23,Tue
1609,18-11-2023,Basic,199,1.9,1,2,27,57,Yes,11,Nov,2023,18,Sat
1610,21-08-2023,Basic,199,4.9,4,2,29,55,Yes,8,Aug,2023,21,Mon
1611,08-07-2023,Premium,699,4.1,0,1,12,7,No,7,Jul,2023,8,Sat
1612,04-03-2023,Premium,699,21.6,5,0,33,35,No,3,Mar,2023,4,Sat
1613,28-12-2023,Premium,699,24.4,0,5,17,54,No,12,Dec,2023,28,Thu
1614,26-04-2023,Premium,699,15.2,5,0,3,4,No,4,Apr,2023,26,Wed
1615,28-11-2024,Premium,699,6.3,5,4,5,23,No,11,Nov,2024,28,Thu
1616,04-01-2024,Standard,399,16.2,4,1,5,1,No,1,Jan,2024,4,Thu
1617,28-09-2024,Standard,399,22.5,5,3,27,60,No,9,Sep,2024,28,Sat
1618,19-04-2023,Basic,199,9.5,4,1,11,58,No,4,Apr,2023,19,Wed
1619,18-08-2024,Premium,699,20.3,8,5,14,49,Yes,8,Aug,2024,18,Sun
1620,03-06-2023,Premium,699,23.5,6,4,23,2,No,6,Jun,2023,3,Sat
1621,07-10-2024,Standard,399,23.9,3,4,6,32,No,10,Oct,2024,7,Mon
1622,28-04-2024,Premium,699,13.7,1,4,27,51,Yes,4,Apr,2024,28,Sun
1623,28-10-2023,Premium,699,13.2,5,2,34,12,No,10,Oct,2023,28,Sat
1624,29-04-2023,Basic,199,6.5,5,1,22,29,Yes,4,Apr,2023,29,Sat
1625,01-06-2024,Premium,699,11.4,6,2,16,5,Yes,6,Jun,2024,1,Sat
1626,06-08-2024,Basic,199,16.5,3,3,24,50,Yes,8,Aug,2024,6,Tue
1627,12-09-2024,Basic,199,6.5,6,5,35,37,Yes,9,Sep,2024,12,Thu
1628,01-06-2023,Standard,399,8.9,1,0,19,26,No,6,Jun,2023,1,Thu
1629,20-06-2023,Premium,699,16,3,1,32,56,No,6,Jun,2023,20,Tue
1630,14-04-2023,Basic,199,7,8,5,27,59,Yes,4,Apr,2023,14,Fri
1631,16-05-2023,Basic,199,20.9,0,5,3,10,No,5,May,2023,16,Tue
1632,24-07-2024,Premium,699,23,6,2,34,8,Yes,7,Jul,2024,24,Wed
1633,16-02-2023,Basic,199,3.4,5,4,19,38,Yes,2,Feb,2023,16,Thu
1634,22-03-2024,Basic,199,23.8,6,5,23,28,Yes,3,Mar,2024,22,Fri
1635,05-06-2024,Standard,399,17.7,2,5,31,49,Yes,6,Jun,2024,5,Wed
1636,25-11-2023,Basic,199,22.4,5,5,10,41,Yes,11,Nov,2023,25,Sat
1637,16-12-2023,Standard,399,13,4,0,12,14,No,12,Dec,2023,16,Sat
1638,23-11-2023,Basic,199,22.5,8,3,34,18,Yes,11,Nov,2023,23,Thu
1639,22-09-2024,Basic,199,1.5,3,3,10,33,Yes,9,Sep,2024,22,Sun
1640,25-03-2024,Standard,399,9,2,0,7,18,No,3,Mar,2024,25,Mon
1641,26-08-2023,Basic,199,7.6,4,4,11,48,Yes,8,Aug,2023,26,Sat
1642,22-06-2023,Premium,699,4,3,4,18,53,Yes,6,Jun,2023,22,Thu
1643,15-05-2024,Basic,199,24,8,4,3,51,Yes,5,May,2024,15,Wed
1644,09-04-2024,Basic,199,5.5,6,5,24,28,Yes,4,Apr,2024,9,Tue
1645,27-09-2023,Standard,399,18,1,3,8,56,Yes,9,Sep,2023,27,Wed
1646,16-08-2023,Basic,199,24.8,1,2,9,51,Yes,8,Aug,2023,16,Wed
1647,09-06-2024,Premium,699,8.5,8,2,5,17,Yes,6,Jun,2024,9,Sun
1648,23-12-2024,Premium,699,17.8,5,0,5,27,Yes,12,Dec,2024,23,Mon
1649,06-02-2023,Premium,699,5.2,8,5,21,53,No,2,Feb,2023,6,Mon
1650,26-04-2024,Premium,699,6.5,6,1,1,43,Yes,4,Apr,2024,26,Fri
1651,01-04-2023,Basic,199,20.4,7,2,32,8,Yes,4,Apr,2023,1,Sat
1652,28-12-2024,Premium,699,0.6,1,3,14,35,Yes,12,Dec,2024,28,Sat
1653,29-08-2023,Basic,199,10.7,4,4,3,24,Yes,8,Aug,2023,29,Tue
1654,27-10-2023,Premium,699,12.4,2,2,23,53,Yes,10,Oct,2023,27,Fri
1655,30-10-2023,Premium,699,12.5,6,4,32,22,Yes,10,Oct,2023,30,Mon
1656,09-11-2024,Basic,199,3.3,4,3,15,28,Yes,11,Nov,2024,9,Sat
1657,12-02-2024,Standard,399,4.8,5,5,8,7,Yes,2,Feb,2024,12,Mon
1658,29-08-2023,Premium,699,19.5,7,3,9,38,Yes,8,Aug,2023,29,Tue
1659,27-11-2023,Basic,199,7.1,3,3,19,3,No,11,Nov,2023,27,Mon
1660,25-02-2023,Standard,399,10.6,7,3,21,25,Yes,2,Feb,2023,25,Sat
1661,03-04-2024,Standard,399,18.3,5,5,32,52,Yes,4,Apr,2024,3,Wed
1662,23-04-2023,Standard,399,14.5,2,4,15,13,No,4,Apr,2023,23,Sun
1663,24-01-2024,Premium,699,3.7,8,0,22,60,Yes,1,Jan,2024,24,Wed
1664,04-08-2023,Basic,199,22.8,8,0,22,41,Yes,8,Aug,2023,4,Fri
1665,23-08-2023,Standard,399,5.4,2,4,35,25,No,8,Aug,2023,23,Wed
1666,12-09-2023,Standard,399,22.8,5,3,11,13,No,9,Sep,2023,12,Tue
1667,11-05-2024,Basic,199,21.2,8,0,3,32,Yes,5,May,2024,11,Sat
1668,11-09-2023,Basic,199,7.4,0,1,11,40,No,9,Sep,2023,11,Mon
1669,04-10-2023,Basic,199,18.9,6,5,18,25,Yes,10,Oct,2023,4,Wed
1670,08-07-2024,Basic,199,2.3,6,0,5,0,No,7,Jul,2024,8,Mon
1671,16-11-2023,Premium,699,2.8,6,1,10,53,Yes,11,Nov,2023,16,Thu
1672,13-04-2023,Standard,399,13.1,0,2,28,17,No,4,Apr,2023,13,Thu
1673,28-07-2024,Standard,399,9.7,6,0,31,14,No,7,Jul,2024,28,Sun
1674,23-05-2024,Standard,399,7.5,8,4,31,15,Yes,5,May,2024,23,Thu
1675,14-08-2024,Premium,699,23.8,8,5,26,6,Yes,8,Aug,2024,14,Wed
1676,20-10-2024,Basic,199,19.4,7,2,26,30,Yes,10,Oct,2024,20,Sun
1677,16-05-2024,Standard,399,4,1,0,22,35,Yes,5,May,2024,16,Thu
1678,03-08-2024,Premium,699,2.6,6,4,16,53,Yes,8,Aug,2024,3,Sat
1679,04-06-2023,Basic,199,19.3,4,3,4,19,No,6,Jun,2023,4,Sun
1680,29-07-2024,Basic,199,17.4,6,0,21,17,No,7,Jul,2024,29,Mon
1681,10-06-2024,Standard,399,12.7,3,2,35,29,No,6,Jun,2024,10,Mon
1682,14-01-2023,Premium,699,23.1,6,5,6,4,Yes,1,Jan,2023,14,Sat
1683,27-04-2023,Basic,199,18.8,2,1,34,28,No,4,Apr,2023,27,Thu
1684,14-07-2024,Basic,199,12.6,8,3,28,8,No,7,Jul,2024,14,Sun
1685,23-11-2024,Standard,399,0.7,1,3,26,18,No,11,Nov,2024,23,Sat
1686,25-10-2023,Standard,399,8.4,5,4,34,41,Yes,10,Oct,2023,25,Wed
1687,18-04-2024,Premium,699,20.2,5,4,14,38,Yes,4,Apr,2024,18,Thu
1688,30-04-2024,Basic,199,23.2,2,1,22,33,No,4,Apr,2024,30,Tue
1689,06-01-2023,Basic,199,10.7,2,3,21,4,No,1,Jan,2023,6,Fri
1690,04-03-2023,Standard,399,5.4,1,4,13,29,Yes,3,Mar,2023,4,Sat
1691,20-08-2023,Premium,699,15.1,1,2,30,40,Yes,8,Aug,2023,20,Sun
1692,12-03-2024,Standard,399,23.2,4,2,1,52,No,3,Mar,2024,12,Tue
1693,06-11-2024,Premium,699,9.5,6,2,20,35,Yes,11,Nov,2024,6,Wed
1694,27-09-2023,Basic,199,15,1,5,5,13,Yes,9,Sep,2023,27,Wed
1695,05-12-2023,Premium,699,3.6,8,4,7,41,Yes,12,Dec,2023,5,Tue
1696,26-08-2023,Premium,699,24.2,7,1,18,10,Yes,8,Aug,2023,26,Sat
1697,01-01-2023,Basic,199,23.3,2,1,6,10,No,1,Jan,2023,1,Sun
1698,11-03-2024,Standard,399,22.5,0,1,5,32,No,3,Mar,2024,11,Mon
1699,22-01-2024,Premium,699,8.5,8,0,31,15,No,1,Jan,2024,22,Mon
1700,11-09-2024,Standard,399,9.2,8,2,31,33,Yes,9,Sep,2024,11,Wed
1701,27-07-2024,Basic,199,23.7,4,5,11,9,No,7,Jul,2024,27,Sat
1702,21-03-2024,Standard,399,17.5,4,5,32,7,No,3,Mar,2024,21,Thu
1703,10-03-2024,Premium,699,4.9,5,3,23,49,Yes,3,Mar,2024,10,Sun
1704,11-01-2023,Basic,199,22,3,3,36,23,Yes,1,Jan,2023,11,Wed
1705,07-04-2023,Basic,199,9.3,3,0,29,37,Yes,4,Apr,2023,7,Fri
1706,09-10-2023,Standard,399,12.8,0,4,17,17,Yes,10,Oct,2023,9,Mon
1707,08-08-2024,Premium,699,10.3,4,2,31,40,Yes,8,Aug,2024,8,Thu
1708,25-10-2024,Basic,199,24.9,7,3,31,11,Yes,10,Oct,2024,25,Fri
1709,23-12-2024,Premium,699,1.4,0,4,7,57,Yes,12,Dec,2024,23,Mon
1710,03-05-2023,Premium,699,21.8,2,0,12,26,No,5,May,2023,3,Wed
1711,12-10-2023,Basic,199,16.1,0,2,29,6,No,10,Oct,2023,12,Thu
1712,23-08-2024,Basic,199,8.7,5,5,2,10,No,8,Aug,2024,23,Fri
1713,04-03-2023,Premium,699,13.2,6,3,24,53,Yes,3,Mar,2023,4,Sat
1714,26-06-2023,Basic,199,20.7,8,1,13,46,Yes,6,Jun,2023,26,Mon
1715,12-10-2024,Standard,399,7.3,3,5,3,32,Yes,10,Oct,2024,12,Sat
1716,04-08-2024,Premium,699,8.1,8,2,1,7,Yes,8,Aug,2024,4,Sun
1717,06-07-2023,Premium,699,14.4,7,0,6,7,No,7,Jul,2023,6,Thu
1718,15-10-2024,Premium,699,5,0,1,6,50,Yes,10,Oct,2024,15,Tue
1719,15-07-2023,Standard,399,2.5,3,2,30,53,Yes,7,Jul,2023,15,Sat
1720,24-05-2023,Premium,699,8.1,6,5,9,18,Yes,5,May,2023,24,Wed
1721,30-10-2023,Premium,699,10.6,3,2,21,56,Yes,10,Oct,2023,30,Mon
1722,19-10-2024,Standard,399,7,7,2,29,37,Yes,10,Oct,2024,19,Sat
1723,30-01-2024,Premium,699,20.8,2,0,29,60,No,1,Jan,2024,30,Tue
1724,23-10-2023,Basic,199,14.4,6,2,35,41,No,10,Oct,2023,23,Mon
1725,03-10-2023,Basic,199,17.6,8,4,22,53,Yes,10,Oct,2023,3,Tue
1726,29-04-2023,Basic,199,19.4,4,1,33,29,Yes,4,Apr,2023,29,Sat
1727,22-01-2024,Premium,699,12.1,7,4,12,20,Yes,1,Jan,2024,22,Mon
1728,09-01-2023,Premium,699,8.4,1,5,3,22,No,1,Jan,2023,9,Mon
1729,02-01-2024,Basic,199,12.1,5,5,27,57,Yes,1,Jan,2024,2,Tue
1730,12-04-2024,Standard,399,11.9,2,0,11,28,No,4,Apr,2024,12,Fri
1731,07-09-2024,Premium,699,18.4,7,1,28,16,No,9,Sep,2024,7,Sat
1732,03-06-2024,Standard,399,17.1,4,0,31,59,No,6,Jun,2024,3,Mon
1733,17-06-2023,Basic,199,10.9,4,4,27,25,Yes,6,Jun,2023,17,Sat
1734,23-05-2023,Premium,699,23.1,8,1,11,60,No,5,May,2023,23,Tue
1735,25-05-2023,Basic,199,19.8,0,0,22,19,No,5,May,2023,25,Thu
1736,26-06-2023,Standard,399,10.2,7,0,30,42,Yes,6,Jun,2023,26,Mon
1737,08-09-2023,Standard,399,2.5,3,1,20,27,Yes,9,Sep,2023,8,Fri
1738,13-04-2023,Basic,199,21.2,5,0,36,30,Yes,4,Apr,2023,13,Thu
1739,19-04-2024,Standard,399,17.3,3,3,36,42,Yes,4,Apr,2024,19,Fri
1740,17-05-2023,Premium,699,19.2,1,3,16,8,Yes,5,May,2023,17,Wed
1741,22-12-2023,Standard,399,22.5,6,4,21,25,Yes,12,Dec,2023,22,Fri
1742,28-05-2024,Standard,399,5.9,2,1,2,23,No,5,May,2024,28,Tue
1743,05-08-2023,Basic,199,22.9,3,1,26,31,Yes,8,Aug,2023,5,Sat
1744,19-10-2023,Standard,399,2.8,6,5,28,11,Yes,10,Oct,2023,19,Thu
1745,07-03-2024,Standard,399,17,7,0,25,16,No,3,Mar,2024,7,Thu
1746,21-12-2023,Basic,199,10.3,8,0,11,29,No,12,Dec,2023,21,Thu
1747,11-08-2024,Premium,699,16.6,6,0,7,10,No,8,Aug,2024,11,Sun
1748,16-02-2024,Premium,699,17.3,0,3,25,41,No,2,Feb,2024,16,Fri
1749,06-04-2024,Standard,399,7.9,4,5,4,40,Yes,4,Apr,2024,6,Sat
1750,03-07-2023,Premium,699,19.6,5,4,24,23,Yes,7,Jul,2023,3,Mon
1751,25-12-2024,Standard,399,19.1,1,1,35,0,No,12,Dec,2024,25,Wed
1752,10-02-2023,Premium,699,5.3,7,3,17,3,Yes,2,Feb,2023,10,Fri
1753,11-03-2024,Basic,199,11.8,0,4,32,43,Yes,3,Mar,2024,11,Mon
1754,01-01-2024,Standard,399,19.3,0,4,19,17,Yes,1,Jan,2024,1,Mon
1755,01-01-2024,Standard,399,11.4,4,5,2,2,No,1,Jan,2024,1,Mon
1756,07-04-2023,Premium,699,13.5,6,1,3,11,Yes,4,Apr,2023,7,Fri
1757,06-12-2024,Basic,199,16,6,2,10,22,No,12,Dec,2024,6,Fri
1758,01-12-2023,Premium,699,23,8,4,16,29,Yes,12,Dec,2023,1,Fri
1759,22-03-2023,Standard,399,4.1,1,3,3,32,No,3,Mar,2023,22,Wed
1760,30-10-2024,Standard,399,10.9,0,1,20,60,No,10,Oct,2024,30,Wed
1761,25-09-2023,Premium,699,21,6,0,6,50,Yes,9,Sep,2023,25,Mon
1762,10-08-2024,Standard,399,13.7,3,5,33,51,Yes,8,Aug,2024,10,Sat
1763,10-07-2023,Standard,399,19.1,6,2,14,47,Yes,7,Jul,2023,10,Mon
1764,06-01-2023,Standard,399,17,6,1,33,43,Yes,1,Jan,2023,6,Fri
1765,18-04-2024,Standard,399,1,6,5,14,8,Yes,4,Apr,2024,18,Thu
1766,07-03-2023,Premium,699,2.9,3,0,21,45,Yes,3,Mar,2023,7,Tue
1767,03-12-2023,Premium,699,18.3,7,4,19,26,Yes,12,Dec,2023,3,Sun
1768,21-12-2023,Premium,699,12.2,8,0,25,21,Yes,12,Dec,2023,21,Thu
1769,20-11-2024,Standard,399,11.8,7,1,10,34,No,11,Nov,2024,20,Wed
1770,20-12-2023,Standard,399,10.4,1,5,17,31,Yes,12,Dec,2023,20,Wed
1771,19-11-2023,Basic,199,18.8,8,2,14,19,Yes,11,Nov,2023,19,Sun
1772,01-03-2024,Standard,399,1.2,2,4,30,22,Yes,3,Mar,2024,1,Fri
1773,15-05-2023,Basic,199,14.1,7,1,19,24,No,5,May,2023,15,Mon
1774,02-07-2023,Standard,399,2.9,3,1,8,7,No,7,Jul,2023,2,Sun
1775,13-10-2023,Basic,199,14,5,1,26,26,No,10,Oct,2023,13,Fri
1776,19-08-2023,Standard,399,15.9,5,4,24,34,Yes,8,Aug,2023,19,Sat
1777,01-07-2023,Standard,399,19,4,3,32,10,No,7,Jul,2023,1,Sat
1778,11-04-2023,Standard,399,0.6,5,3,19,41,Yes,4,Apr,2023,11,Tue
1779,18-08-2023,Standard,399,24.4,6,1,27,40,Yes,8,Aug,2023,18,Fri
1780,20-06-2023,Basic,199,25,6,0,33,20,No,6,Jun,2023,20,Tue
1781,31-10-2024,Premium,699,17.3,5,0,31,47,No,10,Oct,2024,31,Thu
1782,03-09-2023,Standard,399,13,3,1,36,29,No,9,Sep,2023,3,Sun
1783,01-02-2023,Basic,199,23.5,3,2,31,8,Yes,2,Feb,2023,1,Wed
1784,17-04-2024,Basic,199,11.8,7,1,30,50,Yes,4,Apr,2024,17,Wed
1785,13-03-2023,Premium,699,20.2,5,1,8,15,No,3,Mar,2023,13,Mon
1786,14-03-2023,Basic,199,17.2,6,4,3,30,No,3,Mar,2023,14,Tue
1787,24-10-2024,Standard,399,22.1,8,0,17,45,No,10,Oct,2024,24,Thu
1788,10-02-2023,Premium,699,11.2,0,2,2,51,Yes,2,Feb,2023,10,Fri
1789,08-05-2023,Standard,399,18.1,8,5,26,41,Yes,5,May,2023,8,Mon
1790,03-11-2024,Basic,199,21.3,1,5,10,10,No,11,Nov,2024,3,Sun
1791,19-10-2024,Standard,399,22.9,7,1,10,16,Yes,10,Oct,2024,19,Sat
1792,30-10-2023,Premium,699,11.7,7,1,5,48,Yes,10,Oct,2023,30,Mon
1793,31-08-2024,Premium,699,8.6,7,5,29,16,No,8,Aug,2024,31,Sat
1794,31-07-2024,Basic,199,4.1,4,0,9,14,No,7,Jul,2024,31,Wed
1795,31-12-2024,Standard,399,8,2,4,19,40,Yes,12,Dec,2024,31,Tue
1796,29-01-2024,Standard,399,4.3,2,1,19,38,Yes,1,Jan,2024,29,Mon
1797,13-01-2023,Standard,399,1.2,3,4,15,19,Yes,1,Jan,2023,13,Fri
1798,24-06-2023,Standard,399,18.2,8,3,24,30,Yes,6,Jun,2023,24,Sat
1799,11-05-2024,Standard,399,14.9,8,2,10,33,Yes,5,May,2024,11,Sat
1800,15-01-2023,Premium,699,21.8,7,1,11,30,No,1,Jan,2023,15,Sun
1801,15-09-2024,Premium,699,8.9,4,1,5,14,Yes,9,Sep,2024,15,Sun
1802,15-10-2024,Premium,699,16.4,5,3,8,29,Yes,10,Oct,2024,15,Tue
1803,03-10-2024,Basic,199,22.5,3,2,34,42,Yes,10,Oct,2024,3,Thu
1804,04-07-2024,Basic,199,12.9,4,4,22,34,No,7,Jul,2024,4,Thu
1805,07-07-2023,Basic,199,11.4,8,1,4,15,No,7,Jul,2023,7,Fri
1806,30-09-2023,Premium,699,6.1,7,1,16,2,No,9,Sep,2023,30,Sat
1807,16-05-2023,Premium,699,2.7,3,5,18,53,No,5,May,2023,16,Tue
1808,03-05-2024,Premium,699,2,3,1,20,37,No,5,May,2024,3,Fri
1809,21-07-2023,Standard,399,13.7,0,2,7,50,No,7,Jul,2023,21,Fri
1810,09-08-2023,Standard,399,11.3,7,1,8,6,No,8,Aug,2023,9,Wed
1811,25-04-2023,Premium,699,7.8,0,4,32,27,No,4,Apr,2023,25,Tue
1812,12-04-2024,Premium,699,19.5,3,4,29,51,No,4,Apr,2024,12,Fri
1813,03-06-2024,Basic,199,19,4,3,17,40,Yes,6,Jun,2024,3,Mon
1814,16-12-2023,Standard,399,7.5,4,2,33,55,Yes,12,Dec,2023,16,Sat
1815,14-05-2024,Standard,399,12.8,7,0,36,48,No,5,May,2024,14,Tue
1816,09-03-2023,Basic,199,22.4,8,3,21,31,Yes,3,Mar,2023,9,Thu
1817,07-07-2023,Standard,399,2.8,7,2,20,40,Yes,7,Jul,2023,7,Fri
1818,27-06-2024,Basic,199,19.2,3,2,7,32,Yes,6,Jun,2024,27,Thu
1819,10-06-2023,Standard,399,17.3,3,4,7,43,Yes,6,Jun,2023,10,Sat
1820,12-06-2024,Basic,199,19.8,2,4,26,42,Yes,6,Jun,2024,12,Wed
1821,07-11-2023,Standard,399,19.6,4,1,27,59,Yes,11,Nov,2023,7,Tue
1822,11-03-2024,Standard,399,8,5,5,10,20,Yes,3,Mar,2024,11,Mon
1823,29-12-2023,Premium,699,19.2,0,3,26,3,No,12,Dec,2023,29,Fri
1824,02-08-2023,Premium,699,24.4,4,0,9,52,No,8,Aug,2023,2,Wed
1825,27-01-2024,Premium,699,7.7,5,0,17,20,No,1,Jan,2024,27,Sat
1826,08-10-2023,Standard,399,14.2,3,1,36,39,No,10,Oct,2023,8,Sun
1827,30-08-2024,Basic,199,6.5,5,5,5,30,No,8,Aug,2024,30,Fri
1828,13-09-2023,Standard,399,19.6,6,5,3,58,Yes,9,Sep,2023,13,Wed
1829,14-01-2024,Standard,399,2,0,5,25,21,Yes,1,Jan,2024,14,Sun
1830,28-02-2024,Standard,399,3.2,2,5,19,4,Yes,2,Feb,2024,28,Wed
1831,02-12-2023,Basic,199,15,3,4,10,5,No,12,Dec,2023,2,Sat
1832,07-12-2024,Premium,699,19.2,4,4,35,33,No,12,Dec,2024,7,Sat
1833,05-01-2024,Basic,199,19.4,1,5,9,45,No,1,Jan,2024,5,Fri
1834,23-07-2023,Standard,399,5,7,1,14,29,Yes,7,Jul,2023,23,Sun
1835,13-03-2024,Premium,699,6.8,0,1,17,7,No,3,Mar,2024,13,Wed
1836,18-01-2024,Standard,399,20.1,8,0,32,58,No,1,Jan,2024,18,Thu
1837,17-10-2023,Basic,199,24.9,8,2,28,50,Yes,10,Oct,2023,17,Tue
1838,26-04-2023,Premium,699,16,1,4,22,5,No,4,Apr,2023,26,Wed
1839,27-10-2024,Premium,699,20.1,1,4,11,59,Yes,10,Oct,2024,27,Sun
1840,05-06-2023,Basic,199,19.3,6,2,5,29,Yes,6,Jun,2023,5,Mon
1841,18-03-2024,Premium,699,2.3,5,3,22,33,Yes,3,Mar,2024,18,Mon
1842,09-01-2023,Basic,199,14.6,0,4,26,53,Yes,1,Jan,2023,9,Mon
1843,01-12-2023,Basic,199,11,4,1,21,37,No,12,Dec,2023,1,Fri
1844,13-08-2024,Premium,699,16.5,3,4,30,59,Yes,8,Aug,2024,13,Tue
1845,30-06-2024,Basic,199,19.4,3,2,13,11,Yes,6,Jun,2024,30,Sun
1846,19-11-2023,Premium,699,19.6,8,2,3,4,Yes,11,Nov,2023,19,Sun
1847,11-08-2023,Basic,199,5.4,2,3,14,17,Yes,8,Aug,2023,11,Fri
1848,27-01-2023,Standard,399,3.9,7,0,2,53,No,1,Jan,2023,27,Fri
1849,25-01-2024,Standard,399,9.8,7,3,14,25,Yes,1,Jan,2024,25,Thu
1850,12-06-2024,Premium,699,2.8,2,4,8,58,Yes,6,Jun,2024,12,Wed
1851,21-11-2023,Basic,199,19,1,3,11,47,No,11,Nov,2023,21,Tue
1852,04-06-2024,Standard,399,5.7,1,4,13,23,Yes,6,Jun,2024,4,Tue
1853,13-04-2023,Basic,199,0.9,6,3,30,25,Yes,4,Apr,2023,13,Thu
1854,04-11-2023,Standard,399,23.7,1,3,24,60,No,11,Nov,2023,4,Sat
1855,09-10-2023,Basic,199,16.4,6,3,6,1,No,10,Oct,2023,9,Mon
1856,15-06-2024,Premium,699,1.6,3,1,21,36,Yes,6,Jun,2024,15,Sat
1857,07-11-2024,Basic,199,17.5,0,0,9,38,No,11,Nov,2024,7,Thu
1858,15-06-2024,Standard,399,15.6,2,3,24,11,Yes,6,Jun,2024,15,Sat
1859,10-11-2023,Basic,199,9.4,1,1,12,1,No,11,Nov,2023,10,Fri
1860,27-01-2023,Standard,399,22.8,4,4,24,20,Yes,1,Jan,2023,27,Fri
1861,22-02-2024,Standard,399,22.3,0,5,2,55,Yes,2,Feb,2024,22,Thu
1862,24-12-2023,Basic,199,9.7,8,1,35,10,Yes,12,Dec,2023,24,Sun
1863,01-03-2024,Basic,199,10.8,1,0,6,30,No,3,Mar,2024,1,Fri
1864,21-09-2023,Premium,699,3.8,0,2,29,30,Yes,9,Sep,2023,21,Thu
1865,04-05-2024,Basic,199,16.6,5,4,21,42,Yes,5,May,2024,4,Sat
1866,19-08-2023,Standard,399,3.6,8,1,13,51,No,8,Aug,2023,19,Sat
1867,13-09-2023,Premium,699,18.7,6,2,6,56,Yes,9,Sep,2023,13,Wed
1868,15-11-2024,Basic,199,5,4,2,17,45,No,11,Nov,2024,15,Fri
1869,08-11-2024,Premium,699,13.2,4,1,34,20,No,11,Nov,2024,8,Fri
1870,06-07-2023,Basic,199,18.8,6,5,3,3,No,7,Jul,2023,6,Thu
1871,08-08-2024,Basic,199,16,3,1,10,25,Yes,8,Aug,2024,8,Thu
1872,14-08-2024,Standard,399,21.5,3,5,31,55,No,8,Aug,2024,14,Wed
1873,01-05-2023,Standard,399,24.8,7,4,29,16,No,5,May,2023,1,Mon
1874,10-07-2023,Premium,699,16.6,8,2,18,21,No,7,Jul,2023,10,Mon
1875,15-11-2024,Standard,399,20.3,7,4,22,29,Yes,11,Nov,2024,15,Fri
1876,10-07-2024,Standard,399,6.9,5,3,34,41,Yes,7,Jul,2024,10,Wed
1877,30-10-2023,Basic,199,6.1,7,0,7,7,No,10,Oct,2023,30,Mon
1878,31-05-2024,Basic,199,8,6,4,23,60,Yes,5,May,2024,31,Fri
1879,16-08-2023,Basic,199,20.6,8,1,26,9,No,8,Aug,2023,16,Wed
1880,30-07-2024,Basic,199,18.5,5,4,13,38,No,7,Jul,2024,30,Tue
1881,27-06-2024,Premium,699,1.7,8,2,34,34,Yes,6,Jun,2024,27,Thu
1882,20-08-2023,Basic,199,4.4,2,5,24,40,No,8,Aug,2023,20,Sun
1883,15-02-2024,Premium,699,13.8,6,1,10,17,Yes,2,Feb,2024,15,Thu
1884,04-11-2023,Standard,399,22.6,6,3,25,29,Yes,11,Nov,2023,4,Sat
1885,19-09-2024,Basic,199,6.7,8,5,5,19,Yes,9,Sep,2024,19,Thu
1886,14-06-2023,Premium,699,2,6,1,5,9,Yes,6,Jun,2023,14,Wed
1887,25-12-2023,Basic,199,19.8,6,3,26,37,Yes,12,Dec,2023,25,Mon
1888,22-08-2024,Basic,199,24.1,4,1,15,57,Yes,8,Aug,2024,22,Thu
1889,12-01-2023,Premium,699,5.5,2,5,10,17,No,1,Jan,2023,12,Thu
1890,27-04-2024,Premium,699,13.3,8,0,8,49,No,4,Apr,2024,27,Sat
1891,07-06-2023,Basic,199,7.8,1,4,29,47,No,6,Jun,2023,7,Wed
1892,26-04-2023,Basic,199,21.9,0,3,22,53,No,4,Apr,2023,26,Wed
1893,13-05-2024,Premium,699,10.9,2,5,30,44,No,5,May,2024,13,Mon
1894,07-01-2024,Standard,399,13.3,1,5,15,38,No,1,Jan,2024,7,Sun
1895,14-10-2023,Basic,199,21,6,3,32,3,No,10,Oct,2023,14,Sat
1896,15-09-2023,Premium,699,22.7,8,2,18,26,Yes,9,Sep,2023,15,Fri
1897,28-08-2024,Standard,399,0.8,7,1,6,37,Yes,8,Aug,2024,28,Wed
1898,20-01-2024,Standard,399,3,7,4,18,38,Yes,1,Jan,2024,20,Sat
1899,20-10-2024,Premium,699,21.8,6,0,34,38,Yes,10,Oct,2024,20,Sun
1900,10-09-2024,Basic,199,3.4,3,2,7,37,Yes,9,Sep,2024,10,Tue
1901,16-04-2024,Standard,399,18.1,0,2,26,41,No,4,Apr,2024,16,Tue
1902,16-11-2024,Premium,699,1.4,6,5,34,47,Yes,11,Nov,2024,16,Sat
1903,27-10-2023,Basic,199,14.4,0,5,14,60,Yes,10,Oct,2023,27,Fri
1904,27-12-2023,Standard,399,18.4,4,2,2,52,Yes,12,Dec,2023,27,Wed
1905,12-10-2024,Basic,199,11.4,0,2,18,29,No,10,Oct,2024,12,Sat
1906,23-12-2023,Standard,399,5.6,8,5,11,20,No,12,Dec,2023,23,Sat
1907,22-08-2023,Basic,199,21.5,5,2,32,39,Yes,8,Aug,2023,22,Tue
1908,24-05-2024,Standard,399,3,1,5,20,25,Yes,5,May,2024,24,Fri
1909,26-12-2023,Premium,699,19,3,2,12,54,No,12,Dec,2023,26,Tue
1910,14-07-2023,Standard,399,22.4,2,1,29,20,Yes,7,Jul,2023,14,Fri
1911,02-07-2023,Premium,699,22.8,8,2,20,48,Yes,7,Jul,2023,2,Sun
1912,10-11-2024,Standard,399,5.4,1,5,5,38,No,11,Nov,2024,10,Sun
1913,30-01-2024,Standard,399,4.1,5,4,17,22,Yes,1,Jan,2024,30,Tue
1914,11-02-2023,Basic,199,15.5,1,2,19,14,No,2,Feb,2023,11,Sat
1915,12-12-2024,Basic,199,4.3,4,0,36,31,Yes,12,Dec,2024,12,Thu
1916,13-01-2023,Basic,199,21.9,7,5,16,51,Yes,1,Jan,2023,13,Fri
1917,04-08-2024,Standard,399,24.1,7,3,16,26,Yes,8,Aug,2024,4,Sun
1918,01-02-2024,Basic,199,5.1,8,4,27,25,Yes,2,Feb,2024,1,Thu
1919,29-08-2023,Premium,699,17.8,5,2,17,27,Yes,8,Aug,2023,29,Tue
1920,20-12-2024,Standard,399,9.2,2,2,35,55,No,12,Dec,2024,20,Fri
1921,18-11-2023,Basic,199,14.7,1,4,35,45,Yes,11,Nov,2023,18,Sat
1922,24-02-2023,Basic,199,18.1,8,1,15,29,Yes,2,Feb,2023,24,Fri
1923,04-04-2024,Standard,399,12.7,6,0,29,10,Yes,4,Apr,2024,4,Thu
1924,29-12-2023,Premium,699,22.4,7,5,4,9,Yes,12,Dec,2023,29,Fri
1925,22-12-2024,Basic,199,14.5,0,5,18,38,Yes,12,Dec,2024,22,Sun
1926,08-11-2023,Basic,199,5.8,7,2,26,34,Yes,11,Nov,2023,8,Wed
1927,28-11-2024,Standard,399,14.5,8,3,15,9,No,11,Nov,2024,28,Thu
1928,03-05-2023,Premium,699,21.6,0,5,21,48,Yes,5,May,2023,3,Wed
1929,07-09-2024,Basic,199,13.5,2,5,5,12,Yes,9,Sep,2024,7,Sat
1930,07-04-2023,Basic,199,1.2,7,5,12,7,Yes,4,Apr,2023,7,Fri
1931,18-12-2023,Standard,399,20.2,6,5,25,30,Yes,12,Dec,2023,18,Mon
1932,26-05-2024,Basic,199,8.1,2,5,7,27,No,5,May,2024,26,Sun
1933,10-10-2024,Basic,199,6.9,3,1,12,22,No,10,Oct,2024,10,Thu
1934,12-09-2024,Basic,199,11.6,1,4,22,16,Yes,9,Sep,2024,12,Thu
1935,25-06-2024,Basic,199,1.9,5,0,36,10,Yes,6,Jun,2024,25,Tue
1936,30-07-2024,Basic,199,8.5,4,0,1,51,No,7,Jul,2024,30,Tue
1937,02-07-2024,Standard,399,23.9,3,5,5,39,Yes,7,Jul,2024,2,Tue
1938,27-03-2024,Basic,199,2.9,2,4,23,23,Yes,3,Mar,2024,27,Wed
1939,04-07-2024,Premium,699,12.9,7,0,12,39,Yes,7,Jul,2024,4,Thu
1940,14-06-2024,Basic,199,23.4,1,2,20,43,Yes,6,Jun,2024,14,Fri
1941,10-04-2024,Basic,199,12.7,2,4,7,58,Yes,4,Apr,2024,10,Wed
1942,13-12-2023,Premium,699,20.9,7,0,36,42,No,12,Dec,2023,13,Wed
1943,02-01-2024,Basic,199,4,7,1,24,50,Yes,1,Jan,2024,2,Tue
1944,25-11-2023,Basic,199,20.4,1,4,31,5,No,11,Nov,2023,25,Sat
1945,19-05-2023,Premium,699,13.3,8,5,35,12,Yes,5,May,2023,19,Fri
1946,17-05-2024,Standard,399,7.7,6,3,13,27,Yes,5,May,2024,17,Fri
1947,24-05-2024,Basic,199,3.1,8,3,32,39,Yes,5,May,2024,24,Fri
1948,24-08-2024,Standard,399,13.4,0,1,4,60,Yes,8,Aug,2024,24,Sat
1949,18-02-2023,Premium,699,4.7,5,5,35,3,Yes,2,Feb,2023,18,Sat
1950,20-03-2024,Standard,399,5.1,8,0,25,52,No,3,Mar,2024,20,Wed
1951,15-02-2023,Premium,699,13.3,2,4,33,23,No,2,Feb,2023,15,Wed
1952,28-07-2023,Basic,199,11.7,2,1,7,45,Yes,7,Jul,2023,28,Fri
1953,06-12-2024,Standard,399,14.5,0,0,14,59,No,12,Dec,2024,6,Fri
1954,05-12-2023,Basic,199,0.6,3,5,19,52,No,12,Dec,2023,5,Tue
1955,05-09-2024,Basic,199,20.8,5,3,25,2,Yes,9,Sep,2024,5,Thu
1956,03-10-2024,Basic,199,22.1,6,5,17,36,Yes,10,Oct,2024,3,Thu
1957,28-02-2024,Standard,399,23.5,4,3,14,44,Yes,2,Feb,2024,28,Wed
1958,03-10-2024,Standard,399,21.1,3,3,18,16,No,10,Oct,2024,3,Thu
1959,14-03-2023,Premium,699,1.5,7,1,26,42,Yes,3,Mar,2023,14,Tue
1960,21-06-2023,Premium,699,3.3,7,0,8,11,No,6,Jun,2023,21,Wed
1961,06-08-2024,Premium,699,23.9,6,2,17,34,Yes,8,Aug,2024,6,Tue
1962,24-05-2024,Standard,399,19.1,6,1,7,60,Yes,5,May,2024,24,Fri
1963,23-08-2023,Basic,199,13.2,0,3,9,30,Yes,8,Aug,2023,23,Wed
1964,24-03-2024,Basic,199,5,1,1,25,27,No,3,Mar,2024,24,Sun
1965,13-07-2023,Premium,699,11.3,0,5,10,59,Yes,7,Jul,2023,13,Thu
1966,14-09-2023,Basic,199,1.6,0,1,21,21,No,9,Sep,2023,14,Thu
1967,26-10-2023,Basic,199,11.8,0,3,23,24,Yes,10,Oct,2023,26,Thu
1968,26-01-2023,Premium,699,6,3,2,5,42,No,1,Jan,2023,26,Thu
1969,14-07-2024,Standard,399,21.2,8,2,5,35,Yes,7,Jul,2024,14,Sun
1970,25-09-2024,Standard,399,3.2,1,3,4,33,Yes,9,Sep,2024,25,Wed
1971,17-04-2023,Premium,699,18.2,5,2,11,2,Yes,4,Apr,2023,17,Mon
1972,03-08-2024,Premium,699,0.6,0,4,15,3,No,8,Aug,2024,3,Sat
1973,26-10-2024,Basic,199,19.2,0,4,15,34,Yes,10,Oct,2024,26,Sat
1974,30-11-2024,Standard,399,7.4,6,3,25,58,Yes,11,Nov,2024,30,Sat
1975,10-04-2024,Standard,399,9,7,3,17,58,No,4,Apr,2024,10,Wed
1976,02-02-2024,Premium,699,6,4,5,24,46,Yes,2,Feb,2024,2,Fri
1977,13-02-2023,Standard,399,9.5,0,3,11,51,Yes,2,Feb,2023,13,Mon
1978,03-10-2024,Standard,399,17.9,8,1,27,25,Yes,10,Oct,2024,3,Thu
1979,30-03-2024,Standard,399,23.6,6,3,14,29,Yes,3,Mar,2024,30,Sat
1980,26-06-2024,Standard,399,9.4,5,5,30,25,Yes,6,Jun,2024,26,Wed
1981,06-11-2024,Basic,199,5.8,3,4,16,12,No,11,Nov,2024,6,Wed
1982,07-08-2023,Premium,699,22.6,8,3,24,23,Yes,8,Aug,2023,7,Mon
1983,30-09-2024,Standard,399,12,8,5,10,28,Yes,9,Sep,2024,30,Mon
1984,29-01-2024,Standard,399,5.4,5,4,4,56,Yes,1,Jan,2024,29,Mon
1985,04-08-2024,Premium,699,4.9,7,0,28,44,Yes,8,Aug,2024,4,Sun
1986,22-07-2023,Premium,699,7.2,2,5,12,25,Yes,7,Jul,2023,22,Sat
1987,13-05-2024,Basic,199,8.3,3,5,27,8,No,5,May,2024,13,Mon
1988,29-03-2023,Standard,399,18.5,0,5,34,6,No,3,Mar,2023,29,Wed
1989,01-01-2024,Basic,199,23,0,2,1,54,Yes,1,Jan,2024,1,Mon
1990,20-11-2023,Basic,199,24,4,0,10,23,No,11,Nov,2023,20,Mon
1991,29-07-2024,Premium,699,12.1,2,2,29,19,Yes,7,Jul,2024,29,Mon
1992,12-06-2023,Basic,199,4.5,1,4,10,58,Yes,6,Jun,2023,12,Mon
1993,27-04-2023,Premium,699,15.9,4,5,36,54,No,4,Apr,2023,27,Thu
1994,29-04-2024,Premium,699,22.8,1,0,10,8,No,4,Apr,2024,29,Mon
1995,07-01-2024,Standard,399,4.7,0,4,31,44,No,1,Jan,2024,7,Sun
1996,19-12-2023,Standard,399,11.5,0,3,12,60,No,12,Dec,2023,19,Tue
1997,24-11-2024,Standard,399,22.2,1,1,6,8,No,11,Nov,2024,24,Sun
1998,27-03-2023,Standard,399,3.2,3,5,10,20,Yes,3,Mar,2023,27,Mon
1999,16-07-2023,Standard,399,0.9,6,1,32,23,No,7,Jul,2023,16,Sun
2000,23-02-2023,Premium,699,24.6,0,3,18,20,No,2,Feb,2023,23,Thu
2001,07-10-2023,Premium,699,17.7,4,3,16,27,Yes,10,Oct,2023,7,Sat
2002,01-10-2024,Premium,699,16.7,5,4,30,2,Yes,10,Oct,2024,1,Tue
2003,12-12-2024,Basic,199,7.9,3,3,2,24,Yes,12,Dec,2024,12,Thu
2004,10-03-2024,Premium,699,17.6,5,2,18,51,Yes,3,Mar,2024,10,Sun
2005,15-05-2024,Standard,399,3.7,5,5,22,16,Yes,5,May,2024,15,Wed
2006,23-11-2023,Standard,399,2.5,7,5,18,5,No,11,Nov,2023,23,Thu
2007,18-01-2024,Premium,699,1.1,2,0,8,15,Yes,1,Jan,2024,18,Thu
2008,14-01-2023,Basic,199,14.5,3,0,10,55,Yes,1,Jan,2023,14,Sat
2009,16-04-2024,Premium,699,21.8,1,1,22,37,No,4,Apr,2024,16,Tue
2010,23-05-2023,Premium,699,19.8,1,4,22,7,Yes,5,May,2023,23,Tue
2011,27-08-2023,Basic,199,5,1,0,6,27,No,8,Aug,2023,27,Sun
2012,02-05-2024,Basic,199,18.1,6,2,4,40,Yes,5,May,2024,2,Thu
2013,29-08-2024,Basic,199,15.3,2,3,32,18,No,8,Aug,2024,29,Thu
2014,27-09-2023,Basic,199,5,0,0,29,11,No,9,Sep,2023,27,Wed
2015,19-03-2023,Basic,199,14.6,3,5,35,7,No,3,Mar,2023,19,Sun
2016,29-08-2024,Basic,199,21.3,3,1,12,25,No,8,Aug,2024,29,Thu
2017,20-12-2023,Standard,399,12.9,4,1,27,27,Yes,12,Dec,2023,20,Wed
2018,05-03-2023,Premium,699,13.5,4,2,16,48,Yes,3,Mar,2023,5,Sun
2019,23-03-2023,Basic,199,8.9,0,4,32,48,No,3,Mar,2023,23,Thu
2020,06-01-2024,Premium,699,0.8,1,2,29,37,Yes,1,Jan,2024,6,Sat
2021,06-05-2024,Premium,699,14.4,5,3,5,22,Yes,5,May,2024,6,Mon
2022,14-07-2023,Standard,399,7.9,7,2,32,34,No,7,Jul,2023,14,Fri
2023,29-11-2023,Basic,199,1.5,5,3,11,29,Yes,11,Nov,2023,29,Wed
2024,30-01-2024,Standard,399,21.8,7,3,30,9,Yes,1,Jan,2024,30,Tue
2025,14-02-2024,Standard,399,21.9,5,3,2,55,Yes,2,Feb,2024,14,Wed
2026,11-08-2023,Standard,399,11.1,2,1,1,37,No,8,Aug,2023,11,Fri
2027,24-05-2024,Basic,199,10.1,2,2,2,21,Yes,5,May,2024,24,Fri
2028,13-09-2024,Standard,399,7.9,8,2,11,14,Yes,9,Sep,2024,13,Fri
2029,19-04-2023,Premium,699,11.1,2,3,32,42,Yes,4,Apr,2023,19,Wed
2030,21-05-2024,Basic,199,17.8,4,1,21,15,No,5,May,2024,21,Tue
2031,15-11-2023,Basic,199,12.5,4,5,27,10,Yes,11,Nov,2023,15,Wed
2032,18-01-2024,Premium,699,15.5,2,4,28,18,Yes,1,Jan,2024,18,Thu
2033,03-03-2024,Premium,699,9.6,7,0,9,1,No,3,Mar,2024,3,Sun
2034,02-05-2024,Basic,199,23.6,3,2,14,40,No,5,May,2024,2,Thu
2035,26-11-2023,Standard,399,8.8,5,5,36,12,No,11,Nov,2023,26,Sun
2036,20-01-2023,Premium,699,17.8,3,1,15,31,No,1,Jan,2023,20,Fri
2037,25-06-2024,Standard,399,22.1,6,1,33,39,Yes,6,Jun,2024,25,Tue
2038,17-07-2023,Standard,399,15.3,4,0,30,28,Yes,7,Jul,2023,17,Mon
2039,04-01-2023,Standard,399,9.4,0,3,10,15,Yes,1,Jan,2023,4,Wed
2040,24-11-2023,Standard,399,20.7,7,4,23,9,No,11,Nov,2023,24,Fri
2041,12-07-2023,Standard,399,15.3,8,1,21,52,No,7,Jul,2023,12,Wed
2042,31-05-2024,Premium,699,7.7,0,5,8,56,Yes,5,May,2024,31,Fri
2043,02-11-2023,Standard,399,19.9,6,5,16,52,No,11,Nov,2023,2,Thu
2044,07-03-2024,Standard,399,4,0,0,14,41,No,3,Mar,2024,7,Thu
2045,10-06-2023,Basic,199,11.9,2,3,24,40,Yes,6,Jun,2023,10,Sat
2046,24-12-2024,Premium,699,19.1,1,2,29,29,Yes,12,Dec,2024,24,Tue
2047,01-12-2023,Premium,699,7.5,2,2,30,1,Yes,12,Dec,2023,1,Fri
2048,05-10-2024,Premium,699,9.5,5,5,31,24,Yes,10,Oct,2024,5,Sat
2049,21-10-2024,Standard,399,10.2,5,4,21,53,No,10,Oct,2024,21,Mon
2050,31-12-2024,Standard,399,14.4,0,4,21,3,No,12,Dec,2024,31,Tue
2051,17-06-2023,Basic,199,2.1,1,1,32,9,Yes,6,Jun,2023,17,Sat
2052,18-12-2023,Premium,699,2.8,5,2,16,21,Yes,12,Dec,2023,18,Mon
2053,10-02-2024,Basic,199,10.3,0,4,32,26,No,2,Feb,2024,10,Sat
2054,25-09-2023,Premium,699,13.9,1,1,10,28,Yes,9,Sep,2023,25,Mon
2055,15-12-2024,Basic,199,1.9,8,0,16,3,No,12,Dec,2024,15,Sun
2056,21-05-2023,Basic,199,1.5,3,1,31,60,Yes,5,May,2023,21,Sun
2057,19-05-2024,Premium,699,8.4,6,0,21,32,No,5,May,2024,19,Sun
2058,24-08-2023,Basic,199,14,0,1,27,37,Yes,8,Aug,2023,24,Thu
2059,18-06-2023,Premium,699,0.7,1,4,32,56,Yes,6,Jun,2023,18,Sun
2060,30-09-2023,Standard,399,4.2,0,5,14,47,Yes,9,Sep,2023,30,Sat
2061,09-12-2023,Premium,699,13,2,1,24,48,No,12,Dec,2023,9,Sat
2062,30-01-2023,Basic,199,22.5,6,0,21,41,Yes,1,Jan,2023,30,Mon
2063,20-04-2023,Standard,399,19.4,3,1,33,7,Yes,4,Apr,2023,20,Thu
2064,30-08-2024,Premium,699,5.4,4,5,14,43,Yes,8,Aug,2024,30,Fri
2065,16-09-2023,Standard,399,11.9,3,4,24,56,No,9,Sep,2023,16,Sat
2066,08-12-2023,Basic,199,1.1,0,1,33,53,Yes,12,Dec,2023,8,Fri
2067,05-02-2024,Basic,199,23.7,6,5,32,20,Yes,2,Feb,2024,5,Mon
2068,14-11-2024,Premium,699,23.1,7,4,11,38,Yes,11,Nov,2024,14,Thu
2069,12-01-2023,Basic,199,15.6,0,0,5,39,Yes,1,Jan,2023,12,Thu
2070,10-04-2023,Standard,399,7.9,6,5,1,36,No,4,Apr,2023,10,Mon
2071,19-03-2023,Basic,199,5.8,3,3,24,47,No,3,Mar,2023,19,Sun
2072,26-05-2023,Standard,399,16.5,4,0,27,57,Yes,5,May,2023,26,Fri
2073,29-11-2024,Standard,399,23.3,3,0,30,58,No,11,Nov,2024,29,Fri
2074,16-08-2024,Basic,199,4.8,1,0,31,46,Yes,8,Aug,2024,16,Fri
2075,09-12-2024,Premium,699,7.2,0,5,36,36,Yes,12,Dec,2024,9,Mon
2076,21-04-2024,Basic,199,2.1,6,0,14,2,Yes,4,Apr,2024,21,Sun
2077,15-10-2023,Standard,399,24.3,0,5,12,4,No,10,Oct,2023,15,Sun
2078,12-07-2023,Premium,699,18.1,3,2,19,1,No,7,Jul,2023,12,Wed
2079,26-07-2024,Basic,199,20.4,0,4,29,53,No,7,Jul,2024,26,Fri
2080,12-01-2024,Premium,699,19.9,0,2,32,23,Yes,1,Jan,2024,12,Fri
2081,18-07-2024,Standard,399,13.8,5,5,31,57,Yes,7,Jul,2024,18,Thu
2082,17-01-2024,Premium,699,8.4,5,3,10,11,No,1,Jan,2024,17,Wed
2083,22-11-2024,Standard,399,19.3,2,5,23,48,No,11,Nov,2024,22,Fri
2084,21-05-2023,Premium,699,9.3,6,0,27,38,Yes,5,May,2023,21,Sun
2085,13-02-2023,Standard,399,16.3,7,4,23,55,Yes,2,Feb,2023,13,Mon
2086,13-06-2023,Standard,399,23,2,4,33,21,Yes,6,Jun,2023,13,Tue
2087,05-03-2024,Premium,699,24.4,3,5,9,25,Yes,3,Mar,2024,5,Tue
2088,17-07-2024,Basic,199,13.8,8,0,33,36,Yes,7,Jul,2024,17,Wed
2089,18-01-2024,Premium,699,18.6,5,3,11,7,Yes,1,Jan,2024,18,Thu
2090,22-02-2024,Premium,699,13.3,6,1,26,36,Yes,2,Feb,2024,22,Thu
2091,12-07-2023,Premium,699,6,7,1,7,53,No,7,Jul,2023,12,Wed
2092,15-03-2023,Premium,699,22.4,8,0,1,31,Yes,3,Mar,2023,15,Wed
2093,15-10-2024,Premium,699,6.4,6,2,20,52,Yes,10,Oct,2024,15,Tue
2094,27-11-2024,Basic,199,1.1,0,2,13,7,Yes,11,Nov,2024,27,Wed
2095,17-02-2024,Basic,199,6.7,1,3,5,60,Yes,2,Feb,2024,17,Sat
2096,26-08-2024,Basic,199,8.9,5,1,20,19,No,8,Aug,2024,26,Mon
2097,19-09-2023,Standard,399,17.1,0,3,3,20,No,9,Sep,2023,19,Tue
2098,06-12-2024,Premium,699,21.6,6,4,31,49,Yes,12,Dec,2024,6,Fri
2099,14-05-2024,Premium,699,23.8,7,0,23,24,Yes,5,May,2024,14,Tue
2100,08-10-2024,Basic,199,6.7,1,0,31,15,No,10,Oct,2024,8,Tue
2101,05-02-2023,Basic,199,9.8,5,1,30,38,No,2,Feb,2023,5,Sun
2102,11-01-2023,Standard,399,14,7,1,20,39,Yes,1,Jan,2023,11,Wed
2103,05-07-2023,Premium,699,15,0,4,9,28,Yes,7,Jul,2023,5,Wed
2104,17-09-2023,Standard,399,17.6,6,4,18,41,Yes,9,Sep,2023,17,Sun
2105,16-06-2023,Premium,699,17.6,7,1,8,57,Yes,6,Jun,2023,16,Fri
2106,20-03-2023,Basic,199,15.2,6,0,19,43,Yes,3,Mar,2023,20,Mon
2107,31-10-2024,Basic,199,12.4,0,3,31,49,No,10,Oct,2024,31,Thu
2108,20-08-2024,Basic,199,1.6,2,1,25,21,No,8,Aug,2024,20,Tue
2109,11-09-2024,Standard,399,18,1,0,15,10,No,9,Sep,2024,11,Wed
2110,21-06-2024,Premium,699,11.2,5,5,2,27,Yes,6,Jun,2024,21,Fri
2111,22-03-2024,Premium,699,16.1,1,3,24,30,Yes,3,Mar,2024,22,Fri
2112,02-01-2024,Premium,699,2.1,1,2,28,56,No,1,Jan,2024,2,Tue
2113,30-03-2023,Standard,399,12.9,3,1,26,7,Yes,3,Mar,2023,30,Thu
2114,27-09-2023,Premium,699,16.8,7,5,12,34,Yes,9,Sep,2023,27,Wed
2115,10-02-2023,Standard,399,24.3,2,4,5,26,Yes,2,Feb,2023,10,Fri
2116,16-01-2024,Basic,199,4.1,2,5,13,44,Yes,1,Jan,2024,16,Tue
2117,27-06-2024,Basic,199,19.8,1,4,33,42,Yes,6,Jun,2024,27,Thu
2118,06-05-2024,Basic,199,22.1,2,2,20,58,Yes,5,May,2024,6,Mon
2119,02-02-2024,Basic,199,16.8,7,3,13,13,Yes,2,Feb,2024,2,Fri
2120,06-06-2024,Premium,699,21.5,1,1,35,42,Yes,6,Jun,2024,6,Thu
2121,28-02-2024,Basic,199,12.2,1,4,5,10,Yes,2,Feb,2024,28,Wed
2122,13-02-2023,Premium,699,23.5,4,3,24,3,No,2,Feb,2023,13,Mon
2123,19-08-2023,Standard,399,1.2,5,3,26,28,Yes,8,Aug,2023,19,Sat
2124,12-10-2024,Premium,699,12.2,8,3,9,41,No,10,Oct,2024,12,Sat
2125,06-09-2024,Basic,199,15.2,4,3,16,49,Yes,9,Sep,2024,6,Fri
2126,18-10-2024,Basic,199,2.1,1,5,27,57,Yes,10,Oct,2024,18,Fri
2127,16-12-2023,Basic,199,7.3,4,3,24,41,No,12,Dec,2023,16,Sat
2128,05-12-2024,Standard,399,15.3,4,3,35,32,Yes,12,Dec,2024,5,Thu
2129,16-05-2024,Premium,699,23.1,2,3,36,21,Yes,5,May,2024,16,Thu
2130,05-10-2023,Standard,399,13.2,1,2,35,40,Yes,10,Oct,2023,5,Thu
2131,10-11-2023,Standard,399,6.1,5,1,33,36,Yes,11,Nov,2023,10,Fri
2132,16-11-2024,Basic,199,13.2,6,2,22,16,No,11,Nov,2024,16,Sat
2133,03-12-2024,Premium,699,19.3,2,5,13,18,Yes,12,Dec,2024,3,Tue
2134,01-05-2023,Standard,399,14,3,3,35,37,Yes,5,May,2023,1,Mon
2135,12-12-2023,Premium,699,16.1,3,4,19,50,No,12,Dec,2023,12,Tue
2136,04-08-2024,Basic,199,9.7,6,3,32,45,Yes,8,Aug,2024,4,Sun
2137,21-01-2024,Standard,399,8.9,4,4,35,4,Yes,1,Jan,2024,21,Sun
2138,17-07-2024,Premium,699,0.6,3,2,26,59,Yes,7,Jul,2024,17,Wed
2139,13-03-2024,Premium,699,13,6,1,18,17,Yes,3,Mar,2024,13,Wed
2140,24-05-2023,Premium,699,15.1,7,3,32,24,Yes,5,May,2023,24,Wed
2141,21-04-2023,Basic,199,9.4,0,0,8,54,Yes,4,Apr,2023,21,Fri
2142,10-02-2023,Premium,699,7.1,1,5,35,43,Yes,2,Feb,2023,10,Fri
2143,16-03-2024,Premium,699,0.7,5,4,4,46,Yes,3,Mar,2024,16,Sat
2144,05-06-2023,Basic,199,5.9,4,4,15,22,No,6,Jun,2023,5,Mon
2145,28-01-2024,Basic,199,14.8,3,1,36,51,No,1,Jan,2024,28,Sun
2146,04-10-2023,Basic,199,15.6,2,0,35,36,No,10,Oct,2023,4,Wed
2147,19-06-2023,Standard,399,2.8,6,1,8,15,Yes,6,Jun,2023,19,Mon
2148,16-08-2024,Basic,199,7.3,0,1,15,42,Yes,8,Aug,2024,16,Fri
2149,30-12-2024,Premium,699,11.4,3,0,25,54,Yes,12,Dec,2024,30,Mon
2150,08-07-2024,Standard,399,4.2,6,4,29,48,Yes,7,Jul,2024,8,Mon
2151,17-12-2023,Standard,399,22.1,7,3,14,50,No,12,Dec,2023,17,Sun
2152,28-05-2023,Standard,399,12.7,6,3,2,38,Yes,5,May,2023,28,Sun
2153,12-08-2023,Premium,699,15.2,6,1,5,50,Yes,8,Aug,2023,12,Sat
2154,24-01-2024,Standard,399,10.4,3,5,23,18,No,1,Jan,2024,24,Wed
2155,31-12-2024,Premium,699,24,3,5,31,44,Yes,12,Dec,2024,31,Tue
2156,01-04-2024,Basic,199,14.5,5,3,25,1,Yes,4,Apr,2024,1,Mon
2157,24-09-2023,Standard,399,11.2,5,1,6,17,No,9,Sep,2023,24,Sun
2158,07-02-2023,Standard,399,4.6,8,4,11,33,Yes,2,Feb,2023,7,Tue
2159,05-04-2023,Standard,399,1.7,3,0,24,45,No,4,Apr,2023,5,Wed
2160,02-06-2023,Premium,699,1.7,1,4,36,59,Yes,6,Jun,2023,2,Fri
2161,20-06-2023,Standard,399,21.5,4,1,10,14,No,6,Jun,2023,20,Tue
2162,30-06-2023,Premium,699,6.2,1,4,5,3,No,6,Jun,2023,30,Fri
2163,20-07-2023,Standard,399,12,6,1,36,15,Yes,7,Jul,2023,20,Thu
2164,30-06-2024,Premium,699,2.2,1,2,5,52,Yes,6,Jun,2024,30,Sun
2165,11-07-2023,Basic,199,14.1,5,5,30,11,Yes,7,Jul,2023,11,Tue
2166,27-05-2024,Basic,199,8.5,2,2,1,32,No,5,May,2024,27,Mon
2167,16-05-2023,Premium,699,10.1,2,0,4,30,Yes,5,May,2023,16,Tue
2168,28-12-2024,Basic,199,14.6,4,3,24,15,Yes,12,Dec,2024,28,Sat
2169,22-10-2023,Basic,199,4.5,0,0,16,24,Yes,10,Oct,2023,22,Sun
2170,21-06-2024,Standard,399,20.1,6,4,34,34,Yes,6,Jun,2024,21,Fri
2171,20-06-2023,Standard,399,9.2,6,2,34,33,No,6,Jun,2023,20,Tue
2172,12-01-2024,Premium,699,3.6,0,1,32,4,No,1,Jan,2024,12,Fri
2173,25-01-2023,Standard,399,15.3,6,3,8,24,Yes,1,Jan,2023,25,Wed
2174,31-05-2023,Standard,399,5.4,0,1,32,27,No,5,May,2023,31,Wed
2175,21-08-2023,Standard,399,16.4,4,3,9,15,Yes,8,Aug,2023,21,Mon
2176,29-07-2023,Standard,399,12.4,7,5,17,29,Yes,7,Jul,2023,29,Sat
2177,17-10-2024,Standard,399,10.7,0,1,9,60,Yes,10,Oct,2024,17,Thu
2178,31-10-2024,Basic,199,9.7,5,3,19,58,Yes,10,Oct,2024,31,Thu
2179,05-05-2024,Standard,399,15.2,5,4,5,35,Yes,5,May,2024,5,Sun
2180,14-04-2023,Basic,199,8.6,4,4,23,10,Yes,4,Apr,2023,14,Fri
2181,16-01-2024,Basic,199,7.1,0,4,36,13,No,1,Jan,2024,16,Tue
2182,12-01-2024,Basic,199,10.4,7,2,29,39,Yes,1,Jan,2024,12,Fri
2183,07-02-2023,Basic,199,14.8,7,3,34,27,No,2,Feb,2023,7,Tue
2184,22-01-2024,Premium,699,18.4,8,0,36,9,No,1,Jan,2024,22,Mon
2185,21-07-2023,Standard,399,18.4,4,1,29,9,No,7,Jul,2023,21,Fri
2186,17-05-2023,Basic,199,7.3,3,0,25,2,No,5,May,2023,17,Wed
2187,19-09-2023,Basic,199,14.4,6,1,27,27,No,9,Sep,2023,19,Tue
2188,09-03-2023,Basic,199,24.8,2,0,1,16,No,3,Mar,2023,9,Thu
2189,16-11-2024,Basic,199,22.9,2,5,30,31,Yes,11,Nov,2024,16,Sat
2190,15-07-2024,Standard,399,15.6,5,3,22,16,No,7,Jul,2024,15,Mon
2191,26-08-2024,Premium,699,16,5,4,22,9,No,8,Aug,2024,26,Mon
2192,09-05-2024,Premium,699,20.3,3,1,18,52,Yes,5,May,2024,9,Thu
2193,22-02-2023,Standard,399,23.5,4,3,22,46,No,2,Feb,2023,22,Wed
2194,17-08-2023,Premium,699,20.1,4,0,20,52,Yes,8,Aug,2023,17,Thu
2195,07-01-2024,Basic,199,11.9,2,0,16,44,No,1,Jan,2024,7,Sun
2196,30-09-2024,Standard,399,10.8,5,2,26,5,Yes,9,Sep,2024,30,Mon
2197,07-06-2023,Standard,399,19.5,0,3,5,25,No,6,Jun,2023,7,Wed
2198,13-05-2024,Standard,399,24.5,5,2,31,7,Yes,5,May,2024,13,Mon
2199,07-09-2023,Standard,399,14.9,6,3,26,54,Yes,9,Sep,2023,7,Thu
2200,14-04-2023,Premium,699,8.7,5,4,11,24,No,4,Apr,2023,14,Fri
2201,05-04-2023,Basic,199,20,0,1,6,34,No,4,Apr,2023,5,Wed
2202,26-10-2023,Premium,699,24.8,0,3,10,11,Yes,10,Oct,2023,26,Thu
2203,05-12-2023,Standard,399,16.8,1,0,23,10,No,12,Dec,2023,5,Tue
2204,16-07-2023,Basic,199,24.9,1,0,3,39,Yes,7,Jul,2023,16,Sun
2205,22-09-2024,Basic,199,20.7,7,0,26,17,No,9,Sep,2024,22,Sun
2206,24-09-2023,Premium,699,20.9,4,1,5,4,No,9,Sep,2023,24,Sun
2207,13-12-2023,Basic,199,2.9,3,5,33,18,Yes,12,Dec,2023,13,Wed
2208,28-10-2023,Premium,699,17.5,7,2,11,60,Yes,10,Oct,2023,28,Sat
2209,04-09-2023,Premium,699,10.7,3,2,26,42,Yes,9,Sep,2023,4,Mon
2210,01-05-2023,Standard,399,17.7,0,0,10,3,No,5,May,2023,1,Mon
2211,07-12-2023,Basic,199,25,2,1,7,46,Yes,12,Dec,2023,7,Thu
2212,21-10-2024,Premium,699,14.7,7,3,21,26,Yes,10,Oct,2024,21,Mon
2213,02-11-2024,Premium,699,18.4,4,5,36,13,No,11,Nov,2024,2,Sat
2214,16-09-2023,Basic,199,4.3,3,2,24,4,Yes,9,Sep,2023,16,Sat
2215,28-11-2023,Standard,399,20.4,7,5,12,25,No,11,Nov,2023,28,Tue
2216,03-08-2024,Standard,399,20.5,6,5,9,20,No,8,Aug,2024,3,Sat
2217,09-12-2023,Premium,699,0.7,2,2,12,26,Yes,12,Dec,2023,9,Sat
2218,12-10-2023,Basic,199,22.2,3,4,3,38,Yes,10,Oct,2023,12,Thu
2219,21-09-2024,Basic,199,10.7,0,5,12,23,No,9,Sep,2024,21,Sat
2220,07-12-2023,Standard,399,0.6,7,4,22,12,Yes,12,Dec,2023,7,Thu
2221,18-09-2024,Premium,699,7.2,6,4,33,37,Yes,9,Sep,2024,18,Wed
2222,25-10-2023,Basic,199,19.4,0,3,28,46,Yes,10,Oct,2023,25,Wed
2223,06-03-2023,Premium,699,1.6,5,0,30,26,Yes,3,Mar,2023,6,Mon
2224,05-04-2024,Standard,399,23.3,3,2,27,53,Yes,4,Apr,2024,5,Fri
2225,18-09-2023,Standard,399,22.3,0,1,20,42,No,9,Sep,2023,18,Mon
2226,05-04-2024,Standard,399,0.6,3,0,17,14,No,4,Apr,2024,5,Fri
2227,02-07-2024,Basic,199,0.6,0,0,26,51,No,7,Jul,2024,2,Tue
2228,17-08-2024,Premium,699,0.9,4,4,27,42,Yes,8,Aug,2024,17,Sat
2229,03-02-2024,Basic,199,16.7,4,0,35,54,Yes,2,Feb,2024,3,Sat
2230,03-12-2023,Premium,699,4.8,3,0,22,43,Yes,12,Dec,2023,3,Sun
2231,22-09-2023,Premium,699,23.7,0,0,16,8,No,9,Sep,2023,22,Fri
2232,17-06-2023,Basic,199,17,6,1,19,57,Yes,6,Jun,2023,17,Sat
2233,16-10-2024,Standard,399,19.2,4,2,7,34,Yes,10,Oct,2024,16,Wed
2234,04-10-2023,Basic,199,24.6,1,0,5,15,Yes,10,Oct,2023,4,Wed
2235,01-07-2024,Basic,199,19.2,5,0,8,32,No,7,Jul,2024,1,Mon
2236,28-12-2023,Standard,399,3.5,4,0,33,22,No,12,Dec,2023,28,Thu
2237,27-09-2024,Basic,199,20.3,8,2,25,46,Yes,9,Sep,2024,27,Fri
2238,01-07-2024,Basic,199,4.5,5,1,5,33,No,7,Jul,2024,1,Mon
2239,18-03-2024,Basic,199,24.8,5,0,31,21,No,3,Mar,2024,18,Mon
2240,14-10-2024,Basic,199,19.5,6,1,33,10,Yes,10,Oct,2024,14,Mon
2241,21-05-2024,Standard,399,24.4,3,5,5,59,No,5,May,2024,21,Tue
2242,08-04-2024,Premium,699,10,5,1,30,57,Yes,4,Apr,2024,8,Mon
2243,13-12-2023,Basic,199,14.5,0,5,1,59,Yes,12,Dec,2023,13,Wed
2244,31-08-2024,Standard,399,24.3,7,0,1,8,No,8,Aug,2024,31,Sat
2245,18-07-2024,Premium,699,19.3,2,3,36,31,Yes,7,Jul,2024,18,Thu
2246,03-07-2024,Premium,699,3.4,0,5,22,20,Yes,7,Jul,2024,3,Wed
2247,21-05-2023,Standard,399,1.5,1,0,19,60,Yes,5,May,2023,21,Sun
2248,18-03-2023,Premium,699,20.5,2,2,17,21,No,3,Mar,2023,18,Sat
2249,27-01-2023,Premium,699,2.3,4,5,24,19,Yes,1,Jan,2023,27,Fri
2250,05-09-2024,Standard,399,5,1,1,21,59,No,9,Sep,2024,5,Thu
2251,07-07-2023,Basic,199,3.3,4,2,24,20,No,7,Jul,2023,7,Fri
2252,17-07-2024,Premium,699,14.8,1,1,14,3,No,7,Jul,2024,17,Wed
2253,01-11-2023,Premium,699,20.4,8,4,6,55,Yes,11,Nov,2023,1,Wed
2254,06-03-2024,Premium,699,3,6,0,20,19,No,3,Mar,2024,6,Wed
2255,25-08-2024,Basic,199,7.1,0,1,22,4,Yes,8,Aug,2024,25,Sun
2256,08-07-2024,Basic,199,22.3,0,3,7,51,Yes,7,Jul,2024,8,Mon
2257,09-07-2023,Basic,199,4.4,8,1,17,5,Yes,7,Jul,2023,9,Sun
2258,10-05-2023,Premium,699,16,0,3,7,13,No,5,May,2023,10,Wed
2259,07-10-2023,Basic,199,6.3,6,0,33,43,No,10,Oct,2023,7,Sat
2260,13-11-2024,Premium,699,12.6,3,0,13,27,Yes,11,Nov,2024,13,Wed
2261,27-08-2024,Standard,399,20.7,4,2,13,8,Yes,8,Aug,2024,27,Tue
2262,11-09-2024,Standard,399,7.1,1,5,19,26,Yes,9,Sep,2024,11,Wed
2263,08-12-2024,Standard,399,24.5,6,4,1,12,No,12,Dec,2024,8,Sun
2264,11-02-2023,Basic,199,20.5,1,5,12,15,Yes,2,Feb,2023,11,Sat
2265,12-08-2023,Basic,199,18.7,1,5,16,25,Yes,8,Aug,2023,12,Sat
2266,15-01-2023,Standard,399,14.6,3,5,8,7,No,1,Jan,2023,15,Sun
2267,07-05-2023,Standard,399,8.9,7,1,7,9,No,5,May,2023,7,Sun
2268,30-03-2024,Standard,399,24.4,6,5,21,33,Yes,3,Mar,2024,30,Sat
2269,12-11-2024,Premium,699,21.5,2,1,13,24,No,11,Nov,2024,12,Tue
2270,19-03-2024,Premium,699,12.5,4,3,16,3,Yes,3,Mar,2024,19,Tue
2271,28-07-2023,Standard,399,2,0,5,11,29,Yes,7,Jul,2023,28,Fri
2272,15-01-2023,Standard,399,22.1,2,2,8,17,Yes,1,Jan,2023,15,Sun
2273,05-04-2024,Standard,399,2.1,7,2,34,19,Yes,4,Apr,2024,5,Fri
2274,24-03-2024,Basic,199,21.1,6,2,18,10,Yes,3,Mar,2024,24,Sun
2275,18-07-2024,Basic,199,19.6,7,3,2,14,No,7,Jul,2024,18,Thu
2276,06-10-2023,Premium,699,3.2,5,4,10,16,Yes,10,Oct,2023,6,Fri
2277,20-04-2023,Premium,699,20.1,6,0,34,4,No,4,Apr,2023,20,Thu
2278,20-09-2024,Basic,199,6.7,3,5,19,59,Yes,9,Sep,2024,20,Fri
2279,21-01-2023,Premium,699,23.1,7,4,34,0,Yes,1,Jan,2023,21,Sat
2280,22-04-2023,Standard,399,10.8,5,0,36,30,Yes,4,Apr,2023,22,Sat
2281,23-08-2024,Premium,699,18.2,6,2,20,44,No,8,Aug,2024,23,Fri
2282,20-07-2023,Basic,199,16.9,5,0,26,24,Yes,7,Jul,2023,20,Thu
2283,29-06-2024,Basic,199,1.6,5,2,21,30,Yes,6,Jun,2024,29,Sat
2284,01-08-2024,Standard,399,6.1,8,0,32,44,Yes,8,Aug,2024,1,Thu
2285,16-03-2023,Basic,199,10.6,0,1,15,29,No,3,Mar,2023,16,Thu
2286,15-01-2024,Basic,199,11.3,2,1,36,47,Yes,1,Jan,2024,15,Mon
2287,05-04-2024,Basic,199,6.8,6,0,3,17,No,4,Apr,2024,5,Fri
2288,14-09-2023,Basic,199,8.8,3,4,6,7,Yes,9,Sep,2023,14,Thu
2289,08-07-2024,Premium,699,18.8,3,0,35,30,No,7,Jul,2024,8,Mon
2290,05-12-2023,Basic,199,23.2,7,1,1,50,Yes,12,Dec,2023,5,Tue
2291,14-12-2024,Basic,199,12.8,3,4,6,17,Yes,12,Dec,2024,14,Sat
2292,10-04-2023,Standard,399,19,8,5,23,10,Yes,4,Apr,2023,10,Mon
2293,16-02-2023,Premium,699,16.8,3,1,2,52,Yes,2,Feb,2023,16,Thu
2294,04-03-2023,Premium,699,5.3,3,1,12,8,No,3,Mar,2023,4,Sat
2295,29-07-2023,Premium,699,6,2,0,29,7,No,7,Jul,2023,29,Sat
2296,12-06-2023,Standard,399,21,6,1,20,44,Yes,6,Jun,2023,12,Mon
2297,06-03-2024,Standard,399,0.7,5,0,25,34,Yes,3,Mar,2024,6,Wed
2298,21-03-2024,Basic,199,19.2,3,0,6,9,No,3,Mar,2024,21,Thu
2299,27-06-2024,Basic,199,7,8,5,11,35,No,6,Jun,2024,27,Thu
2300,09-08-2023,Premium,699,22.2,2,4,22,34,No,8,Aug,2023,9,Wed
2301,08-08-2023,Standard,399,4.7,7,2,28,20,Yes,8,Aug,2023,8,Tue
2302,04-04-2023,Premium,699,5.3,4,3,2,49,Yes,4,Apr,2023,4,Tue
2303,30-06-2024,Premium,699,20,2,0,8,14,No,6,Jun,2024,30,Sun
2304,26-08-2023,Basic,199,12.2,2,0,36,33,Yes,8,Aug,2023,26,Sat
2305,05-09-2023,Basic,199,22.7,8,4,16,34,No,9,Sep,2023,5,Tue
2306,07-12-2023,Premium,699,2.5,8,4,36,5,Yes,12,Dec,2023,7,Thu
2307,30-07-2023,Premium,699,20.8,0,3,9,31,No,7,Jul,2023,30,Sun
2308,15-03-2023,Basic,199,17.6,1,4,15,9,No,3,Mar,2023,15,Wed
2309,12-12-2023,Standard,399,2.5,5,3,35,10,Yes,12,Dec,2023,12,Tue
2310,01-02-2023,Basic,199,19.3,0,5,3,44,Yes,2,Feb,2023,1,Wed
2311,11-04-2023,Basic,199,4.5,1,0,21,44,Yes,4,Apr,2023,11,Tue
2312,27-01-2023,Standard,399,16.4,0,5,35,47,No,1,Jan,2023,27,Fri
2313,31-05-2024,Premium,699,24.7,5,3,10,43,Yes,5,May,2024,31,Fri
2314,01-06-2023,Premium,699,18.9,4,1,19,5,No,6,Jun,2023,1,Thu
2315,04-06-2023,Premium,699,12.2,7,4,35,58,No,6,Jun,2023,4,Sun
2316,03-06-2024,Basic,199,12.8,0,2,19,24,Yes,6,Jun,2024,3,Mon
2317,09-09-2023,Standard,399,1.1,0,0,30,42,Yes,9,Sep,2023,9,Sat
2318,26-06-2024,Standard,399,16.1,1,2,23,46,Yes,6,Jun,2024,26,Wed
2319,03-10-2023,Basic,199,9.8,1,1,26,26,Yes,10,Oct,2023,3,Tue
2320,24-06-2023,Premium,699,24.8,5,5,15,3,Yes,6,Jun,2023,24,Sat
2321,24-02-2023,Premium,699,18.4,8,5,25,2,No,2,Feb,2023,24,Fri
2322,18-01-2023,Standard,399,6.4,8,3,14,39,Yes,1,Jan,2023,18,Wed
2323,06-05-2023,Premium,699,5,1,0,34,17,No,5,May,2023,6,Sat
2324,06-01-2023,Standard,399,21,1,4,17,58,Yes,1,Jan,2023,6,Fri
2325,12-09-2023,Standard,399,24.1,2,4,17,60,Yes,9,Sep,2023,12,Tue
2326,02-10-2023,Premium,699,9.8,3,4,13,41,Yes,10,Oct,2023,2,Mon
2327,30-10-2023,Basic,199,17,2,5,10,25,No,10,Oct,2023,30,Mon
2328,06-09-2023,Premium,699,13.3,4,3,11,19,Yes,9,Sep,2023,6,Wed
2329,15-09-2023,Standard,399,9.5,8,3,9,13,Yes,9,Sep,2023,15,Fri
2330,04-02-2024,Basic,199,21.9,6,2,30,60,No,2,Feb,2024,4,Sun
2331,11-07-2023,Basic,199,23.7,5,2,23,55,No,7,Jul,2023,11,Tue
2332,28-10-2023,Standard,399,18.2,5,2,15,34,Yes,10,Oct,2023,28,Sat
2333,14-10-2023,Basic,199,16.9,7,3,2,19,Yes,10,Oct,2023,14,Sat
2334,20-08-2023,Standard,399,14.6,8,4,33,58,No,8,Aug,2023,20,Sun
2335,10-10-2023,Premium,699,9.5,8,5,7,32,Yes,10,Oct,2023,10,Tue
2336,24-10-2023,Standard,399,11.9,0,5,9,44,Yes,10,Oct,2023,24,Tue
2337,02-08-2023,Premium,699,24.8,4,1,4,13,No,8,Aug,2023,2,Wed
2338,06-05-2023,Standard,399,20.8,4,4,13,20,No,5,May,2023,6,Sat
2339,10-04-2024,Standard,399,20.3,1,0,15,6,No,4,Apr,2024,10,Wed
2340,23-07-2023,Premium,699,18.2,1,4,30,3,No,7,Jul,2023,23,Sun
2341,21-10-2024,Basic,199,16,3,3,6,13,Yes,10,Oct,2024,21,Mon
2342,27-03-2023,Standard,399,1.5,6,0,15,46,Yes,3,Mar,2023,27,Mon
2343,27-05-2024,Premium,699,12.7,5,3,33,6,Yes,5,May,2024,27,Mon
2344,02-08-2023,Standard,399,18.1,8,0,36,0,No,8,Aug,2023,2,Wed
2345,03-09-2024,Basic,199,14.9,5,3,2,7,No,9,Sep,2024,3,Tue
2346,24-05-2024,Premium,699,6.5,6,2,1,30,Yes,5,May,2024,24,Fri
2347,04-01-2023,Standard,399,20.7,1,5,19,58,Yes,1,Jan,2023,4,Wed
2348,15-11-2023,Premium,699,10.1,5,1,14,56,Yes,11,Nov,2023,15,Wed
2349,22-04-2023,Premium,699,20.3,8,5,5,49,Yes,4,Apr,2023,22,Sat
2350,28-01-2023,Premium,699,6,6,4,19,30,Yes,1,Jan,2023,28,Sat
2351,11-06-2023,Premium,699,19,6,1,9,10,No,6,Jun,2023,11,Sun
2352,04-03-2024,Basic,199,4.1,3,3,33,17,Yes,3,Mar,2024,4,Mon
2353,29-10-2023,Basic,199,6.8,0,5,6,47,No,10,Oct,2023,29,Sun
2354,12-12-2023,Basic,199,13.6,0,2,34,40,Yes,12,Dec,2023,12,Tue
2355,15-06-2024,Basic,199,23.4,6,3,32,50,Yes,6,Jun,2024,15,Sat
2356,13-02-2023,Premium,699,3.4,2,3,7,49,Yes,2,Feb,2023,13,Mon
2357,14-09-2024,Basic,199,13.2,3,2,4,24,Yes,9,Sep,2024,14,Sat
2358,06-08-2023,Basic,199,10,7,0,2,20,No,8,Aug,2023,6,Sun
2359,16-03-2024,Basic,199,19.3,4,2,12,22,Yes,3,Mar,2024,16,Sat
2360,10-03-2024,Premium,699,5,1,3,36,40,No,3,Mar,2024,10,Sun
2361,11-02-2023,Premium,699,15.7,8,2,10,18,No,2,Feb,2023,11,Sat
2362,03-04-2024,Basic,199,7.9,8,0,16,50,No,4,Apr,2024,3,Wed
2363,25-06-2024,Basic,199,7.8,7,5,22,58,Yes,6,Jun,2024,25,Tue
2364,08-05-2023,Basic,199,1.6,3,5,27,23,Yes,5,May,2023,8,Mon
2365,18-02-2023,Basic,199,16.8,7,5,7,44,Yes,2,Feb,2023,18,Sat
2366,17-01-2023,Premium,699,24.8,1,2,24,18,No,1,Jan,2023,17,Tue
2367,09-08-2024,Premium,699,24.8,2,3,29,48,Yes,8,Aug,2024,9,Fri
2368,19-10-2024,Premium,699,19.3,6,5,27,18,No,10,Oct,2024,19,Sat
2369,10-01-2024,Premium,699,2.7,8,2,30,9,Yes,1,Jan,2024,10,Wed
2370,29-10-2023,Premium,699,16.1,3,1,25,21,No,10,Oct,2023,29,Sun
2371,09-07-2023,Basic,199,22.2,3,1,33,56,Yes,7,Jul,2023,9,Sun
2372,26-02-2023,Basic,199,19.6,6,3,19,36,Yes,2,Feb,2023,26,Sun
2373,13-04-2024,Standard,399,24.8,7,1,2,25,No,4,Apr,2024,13,Sat
2374,22-08-2023,Standard,399,16.2,2,5,2,13,Yes,8,Aug,2023,22,Tue
2375,16-06-2024,Premium,699,8.5,5,5,15,15,No,6,Jun,2024,16,Sun
2376,22-02-2024,Basic,199,19,4,0,36,57,Yes,2,Feb,2024,22,Thu
2377,31-05-2023,Premium,699,24.5,6,2,8,1,No,5,May,2023,31,Wed
2378,17-07-2024,Standard,399,13.8,2,3,23,42,Yes,7,Jul,2024,17,Wed
2379,12-03-2024,Standard,399,8.9,1,1,25,0,No,3,Mar,2024,12,Tue
2380,04-05-2023,Basic,199,19.3,8,2,10,36,Yes,5,May,2023,4,Thu
2381,15-11-2023,Standard,399,19.5,6,4,13,9,Yes,11,Nov,2023,15,Wed
2382,04-05-2024,Premium,699,15.8,0,0,18,53,No,5,May,2024,4,Sat
2383,03-02-2024,Basic,199,0.7,8,3,1,38,Yes,2,Feb,2024,3,Sat
2384,15-11-2024,Basic,199,3.4,6,4,4,12,Yes,11,Nov,2024,15,Fri
2385,24-06-2024,Basic,199,20.7,0,0,22,60,Yes,6,Jun,2024,24,Mon
2386,22-02-2024,Basic,199,2.5,1,5,18,20,Yes,2,Feb,2024,22,Thu
2387,21-02-2023,Basic,199,5.3,7,5,34,26,Yes,2,Feb,2023,21,Tue
2388,27-03-2024,Premium,699,5.9,4,2,24,1,No,3,Mar,2024,27,Wed
2389,24-05-2023,Standard,399,10.1,0,5,19,60,Yes,5,May,2023,24,Wed
2390,19-12-2023,Premium,699,19.2,6,5,26,8,No,12,Dec,2023,19,Tue
2391,29-01-2024,Basic,199,20.1,7,5,36,40,No,1,Jan,2024,29,Mon
2392,20-06-2024,Basic,199,14.4,1,2,11,1,No,6,Jun,2024,20,Thu
2393,02-04-2023,Premium,699,6.9,3,1,35,12,No,4,Apr,2023,2,Sun
2394,15-02-2024,Basic,199,9.3,2,1,21,22,No,2,Feb,2024,15,Thu
2395,18-06-2023,Basic,199,13.8,1,3,30,0,Yes,6,Jun,2023,18,Sun
2396,08-03-2024,Premium,699,2.4,2,0,7,24,Yes,3,Mar,2024,8,Fri
2397,10-08-2024,Basic,199,24.5,5,1,33,29,Yes,8,Aug,2024,10,Sat
2398,12-07-2024,Standard,399,3.5,3,3,25,4,No,7,Jul,2024,12,Fri
2399,27-11-2023,Standard,399,7,0,5,20,10,No,11,Nov,2023,27,Mon
2400,07-04-2023,Basic,199,21.7,4,4,10,2,No,4,Apr,2023,7,Fri
2401,14-09-2023,Standard,399,7.5,0,1,18,28,Yes,9,Sep,2023,14,Thu
2402,26-05-2024,Basic,199,12,1,1,26,57,No,5,May,2024,26,Sun
2403,16-10-2024,Premium,699,4.7,2,0,33,0,No,10,Oct,2024,16,Wed
2404,25-09-2023,Basic,199,22.4,8,1,32,6,No,9,Sep,2023,25,Mon
2405,04-12-2024,Premium,699,4.7,8,2,27,47,Yes,12,Dec,2024,4,Wed
2406,06-09-2023,Premium,699,6.2,6,1,29,55,No,9,Sep,2023,6,Wed
2407,09-08-2024,Basic,199,4.8,5,3,33,1,Yes,8,Aug,2024,9,Fri
2408,28-11-2024,Standard,399,12.6,8,5,2,40,Yes,11,Nov,2024,28,Thu
2409,30-08-2023,Basic,199,12.2,0,3,30,55,No,8,Aug,2023,30,Wed
2410,21-01-2024,Standard,399,19.6,2,0,34,23,No,1,Jan,2024,21,Sun
2411,02-12-2023,Premium,699,2.6,2,1,10,14,No,12,Dec,2023,2,Sat
2412,16-01-2023,Premium,699,2.6,6,5,11,55,Yes,1,Jan,2023,16,Mon
2413,03-06-2023,Standard,399,24.7,1,5,35,16,No,6,Jun,2023,3,Sat
2414,04-08-2024,Premium,699,13.3,2,0,5,36,Yes,8,Aug,2024,4,Sun
2415,29-11-2024,Standard,399,19,0,4,30,37,Yes,11,Nov,2024,29,Fri
2416,17-01-2023,Standard,399,11,8,2,16,50,Yes,1,Jan,2023,17,Tue
2417,11-09-2024,Basic,199,22.4,0,2,9,51,Yes,9,Sep,2024,11,Wed
2418,09-12-2024,Premium,699,16.7,8,3,15,46,Yes,12,Dec,2024,9,Mon
2419,16-09-2024,Standard,399,24.2,2,2,33,56,No,9,Sep,2024,16,Mon
2420,12-07-2024,Premium,699,15.9,1,2,36,22,Yes,7,Jul,2024,12,Fri
2421,01-01-2024,Premium,699,24.1,0,5,30,41,Yes,1,Jan,2024,1,Mon
2422,06-07-2024,Basic,199,22.4,6,3,16,24,Yes,7,Jul,2024,6,Sat
2423,20-09-2024,Premium,699,1.1,7,2,12,24,Yes,9,Sep,2024,20,Fri
2424,30-09-2024,Basic,199,12.6,8,3,30,24,Yes,9,Sep,2024,30,Mon
2425,20-07-2023,Premium,699,12.9,2,1,28,20,No,7,Jul,2023,20,Thu
2426,13-02-2024,Standard,399,19.9,8,2,3,43,Yes,2,Feb,2024,13,Tue
2427,31-01-2023,Premium,699,17.2,3,2,12,3,No,1,Jan,2023,31,Tue
2428,03-12-2024,Premium,699,19,6,3,24,46,Yes,12,Dec,2024,3,Tue
2429,30-06-2023,Standard,399,1.3,1,1,3,17,No,6,Jun,2023,30,Fri
2430,07-02-2024,Premium,699,21.4,4,2,22,11,No,2,Feb,2024,7,Wed
2431,10-09-2023,Standard,399,5.3,5,4,26,18,Yes,9,Sep,2023,10,Sun
2432,19-07-2023,Premium,699,17.2,4,3,9,53,No,7,Jul,2023,19,Wed
2433,02-12-2023,Premium,699,8.8,2,2,7,5,No,12,Dec,2023,2,Sat
2434,03-02-2024,Basic,199,19.2,7,1,35,58,No,2,Feb,2024,3,Sat
2435,14-09-2024,Basic,199,10.4,3,5,11,14,Yes,9,Sep,2024,14,Sat
2436,14-01-2024,Premium,699,3,8,0,24,35,Yes,1,Jan,2024,14,Sun
2437,26-07-2024,Standard,399,23.8,7,4,2,16,No,7,Jul,2024,26,Fri
2438,18-08-2023,Standard,399,15.4,7,5,2,18,No,8,Aug,2023,18,Fri
2439,13-08-2024,Basic,199,8,1,5,13,57,Yes,8,Aug,2024,13,Tue
2440,22-12-2024,Basic,199,22.9,7,1,8,3,Yes,12,Dec,2024,22,Sun
2441,08-02-2024,Standard,399,7.1,0,0,16,53,No,2,Feb,2024,8,Thu
2442,27-07-2023,Standard,399,8.5,7,0,6,20,No,7,Jul,2023,27,Thu
2443,05-03-2024,Basic,199,18.4,5,4,14,56,Yes,3,Mar,2024,5,Tue
2444,17-01-2023,Standard,399,2.9,6,3,34,54,Yes,1,Jan,2023,17,Tue
2445,22-04-2023,Premium,699,23.8,2,5,18,55,No,4,Apr,2023,22,Sat
2446,25-06-2024,Standard,399,1.4,5,1,6,29,Yes,6,Jun,2024,25,Tue
2447,04-05-2024,Basic,199,12.1,0,4,34,46,No,5,May,2024,4,Sat
2448,23-12-2023,Basic,199,9.3,3,4,18,33,Yes,12,Dec,2023,23,Sat
2449,14-03-2024,Standard,399,22.3,5,4,11,51,No,3,Mar,2024,14,Thu
2450,05-07-2024,Standard,399,23.9,8,3,4,50,No,7,Jul,2024,5,Fri
2451,06-06-2024,Standard,399,7.8,2,1,18,31,No,6,Jun,2024,6,Thu
2452,08-01-2024,Standard,399,13.8,5,5,18,37,Yes,1,Jan,2024,8,Mon
2453,26-03-2023,Standard,399,4.9,2,2,19,39,No,3,Mar,2023,26,Sun
2454,10-02-2023,Premium,699,24.6,0,1,28,59,No,2,Feb,2023,10,Fri
2455,26-08-2023,Basic,199,20.1,5,5,10,14,No,8,Aug,2023,26,Sat
2456,02-08-2023,Basic,199,3.7,1,2,16,55,Yes,8,Aug,2023,2,Wed
2457,11-03-2024,Basic,199,8.8,0,4,21,13,No,3,Mar,2024,11,Mon
2458,21-06-2024,Premium,699,17.2,4,2,12,18,No,6,Jun,2024,21,Fri
2459,07-12-2024,Premium,699,10,7,1,25,31,No,12,Dec,2024,7,Sat
2460,28-02-2024,Basic,199,11.5,7,5,28,60,Yes,2,Feb,2024,28,Wed
2461,13-01-2024,Basic,199,3.7,8,5,1,45,Yes,1,Jan,2024,13,Sat
2462,27-06-2023,Standard,399,23.8,1,4,14,13,No,6,Jun,2023,27,Tue
2463,06-03-2023,Premium,699,20.3,1,5,35,8,Yes,3,Mar,2023,6,Mon
2464,02-03-2023,Basic,199,15.4,0,5,13,19,No,3,Mar,2023,2,Thu
2465,13-06-2023,Standard,399,22.2,8,1,1,26,Yes,6,Jun,2023,13,Tue
2466,18-02-2024,Basic,199,11.8,0,4,36,10,No,2,Feb,2024,18,Sun
2467,20-04-2024,Premium,699,16.8,2,1,6,57,No,4,Apr,2024,20,Sat
2468,19-05-2023,Standard,399,18.8,5,4,17,40,Yes,5,May,2023,19,Fri
2469,07-06-2024,Standard,399,21.6,0,2,10,9,No,6,Jun,2024,7,Fri
2470,24-02-2023,Premium,699,9.9,8,1,30,46,Yes,2,Feb,2023,24,Fri
2471,13-04-2024,Premium,699,18.1,1,5,12,30,Yes,4,Apr,2024,13,Sat
2472,10-07-2023,Premium,699,5.4,3,4,14,41,Yes,7,Jul,2023,10,Mon
2473,08-08-2023,Basic,199,5,2,4,21,36,No,8,Aug,2023,8,Tue
2474,04-11-2024,Premium,699,22.1,1,5,27,27,No,11,Nov,2024,4,Mon
2475,20-06-2023,Premium,699,16.2,3,4,5,35,Yes,6,Jun,2023,20,Tue
2476,28-07-2023,Standard,399,17.7,3,4,24,54,No,7,Jul,2023,28,Fri
2477,22-10-2024,Standard,399,23.5,4,3,36,7,Yes,10,Oct,2024,22,Tue
2478,07-08-2024,Standard,399,5.9,6,2,32,15,No,8,Aug,2024,7,Wed
2479,04-07-2023,Standard,399,21.7,7,4,17,45,Yes,7,Jul,2023,4,Tue
2480,06-12-2023,Standard,399,0.6,2,3,29,4,Yes,12,Dec,2023,6,Wed
2481,25-12-2024,Basic,199,19.1,7,5,30,7,Yes,12,Dec,2024,25,Wed
2482,29-01-2023,Standard,399,14.7,8,4,9,15,Yes,1,Jan,2023,29,Sun
2483,25-02-2023,Premium,699,3.8,5,3,7,46,Yes,2,Feb,2023,25,Sat
2484,13-09-2024,Premium,699,4.7,0,2,13,48,Yes,9,Sep,2024,13,Fri
2485,04-08-2023,Premium,699,13.2,8,4,30,28,Yes,8,Aug,2023,4,Fri
2486,08-02-2024,Premium,699,16.9,5,1,24,15,No,2,Feb,2024,8,Thu
2487,22-10-2024,Basic,199,5.4,4,2,3,15,No,10,Oct,2024,22,Tue
2488,04-08-2023,Basic,199,3.2,1,2,21,53,No,8,Aug,2023,4,Fri
2489,23-08-2024,Premium,699,1.1,2,5,6,36,Yes,8,Aug,2024,23,Fri
2490,31-10-2024,Premium,699,16.8,1,2,23,12,No,10,Oct,2024,31,Thu
2491,26-04-2024,Premium,699,5.2,3,0,33,36,No,4,Apr,2024,26,Fri
2492,29-05-2023,Basic,199,17.3,7,0,14,38,No,5,May,2023,29,Mon
2493,04-12-2024,Standard,399,16,2,0,4,13,No,12,Dec,2024,4,Wed
2494,20-11-2024,Premium,699,10.5,2,0,30,7,No,11,Nov,2024,20,Wed
2495,12-02-2023,Basic,199,3.3,6,0,8,8,No,2,Feb,2023,12,Sun
2496,24-03-2024,Basic,199,11.4,5,5,3,47,No,3,Mar,2024,24,Sun
2497,17-03-2024,Basic,199,23.2,3,0,13,18,No,3,Mar,2024,17,Sun
2498,12-11-2024,Standard,399,5.6,0,5,22,11,No,11,Nov,2024,12,Tue
2499,24-01-2023,Standard,399,3,4,1,34,6,Yes,1,Jan,2023,24,Tue
2500,11-11-2024,Premium,699,15.8,2,2,26,55,Yes,11,Nov,2024,11,Mon
2501,28-08-2024,Standard,399,4.2,4,3,9,8,Yes,8,Aug,2024,28,Wed
2502,09-03-2023,Basic,199,24.9,5,5,24,24,No,3,Mar,2023,9,Thu
2503,20-12-2023,Premium,699,20.2,3,5,1,42,Yes,12,Dec,2023,20,Wed
2504,10-10-2023,Basic,199,20.7,1,1,32,29,Yes,10,Oct,2023,10,Tue
2505,11-11-2023,Basic,199,23.4,8,2,28,34,Yes,11,Nov,2023,11,Sat
2506,09-06-2023,Basic,199,21.2,4,0,14,56,No,6,Jun,2023,9,Fri
2507,15-06-2023,Basic,199,24.8,0,3,10,7,No,6,Jun,2023,15,Thu
2508,04-03-2023,Standard,399,14.2,4,0,15,10,No,3,Mar,2023,4,Sat
2509,16-10-2023,Standard,399,11.1,0,3,6,14,Yes,10,Oct,2023,16,Mon
2510,08-10-2024,Premium,699,8.9,4,1,7,52,No,10,Oct,2024,8,Tue
2511,18-01-2023,Premium,699,5.9,4,0,1,15,Yes,1,Jan,2023,18,Wed
2512,17-10-2024,Premium,699,22.7,6,3,24,36,No,10,Oct,2024,17,Thu
2513,27-08-2024,Standard,399,10.9,4,4,24,4,Yes,8,Aug,2024,27,Tue
2514,06-05-2024,Premium,699,9.6,6,1,23,60,Yes,5,May,2024,6,Mon
2515,15-02-2023,Basic,199,21,4,3,9,27,Yes,2,Feb,2023,15,Wed
2516,27-02-2024,Premium,699,19.3,8,0,4,2,Yes,2,Feb,2024,27,Tue
2517,15-05-2024,Premium,699,3,6,2,15,48,Yes,5,May,2024,15,Wed
2518,17-11-2024,Basic,199,13.1,8,0,28,33,Yes,11,Nov,2024,17,Sun
2519,22-12-2024,Standard,399,3.1,0,5,29,6,No,12,Dec,2024,22,Sun
2520,10-09-2023,Basic,199,2.6,8,0,30,26,Yes,9,Sep,2023,10,Sun
2521,22-10-2023,Basic,199,18,5,0,30,3,No,10,Oct,2023,22,Sun
2522,29-06-2023,Standard,399,23.9,7,2,34,12,No,6,Jun,2023,29,Thu
2523,24-06-2024,Basic,199,1.1,6,1,13,22,Yes,6,Jun,2024,24,Mon
2524,29-07-2023,Premium,699,11.4,6,4,23,16,Yes,7,Jul,2023,29,Sat
2525,25-07-2023,Basic,199,0.6,3,5,36,51,No,7,Jul,2023,25,Tue
2526,08-02-2024,Premium,699,4.3,7,2,26,53,Yes,2,Feb,2024,8,Thu
2527,17-12-2024,Standard,399,2.4,1,4,10,15,No,12,Dec,2024,17,Tue
2528,15-11-2023,Standard,399,1.3,4,3,2,26,Yes,11,Nov,2023,15,Wed
2529,13-11-2024,Standard,399,19,1,0,2,28,No,11,Nov,2024,13,Wed
2530,22-08-2024,Standard,399,22.9,0,0,8,47,No,8,Aug,2024,22,Thu
2531,17-12-2024,Basic,199,19.3,8,0,35,52,No,12,Dec,2024,17,Tue
2532,09-03-2023,Premium,699,14.6,5,1,18,42,No,3,Mar,2023,9,Thu
2533,24-10-2024,Standard,399,1.5,8,0,12,51,Yes,10,Oct,2024,24,Thu
2534,16-10-2024,Premium,699,23.3,6,4,32,33,No,10,Oct,2024,16,Wed
2535,27-01-2024,Basic,199,5.4,7,5,5,7,No,1,Jan,2024,27,Sat
2536,12-04-2023,Premium,699,18.9,1,3,36,58,Yes,4,Apr,2023,12,Wed
2537,12-09-2023,Basic,199,12.4,0,3,14,30,Yes,9,Sep,2023,12,Tue
2538,11-06-2024,Basic,199,19.2,6,1,12,13,No,6,Jun,2024,11,Tue
2539,10-03-2023,Premium,699,14.8,1,4,19,28,No,3,Mar,2023,10,Fri
2540,23-04-2024,Premium,699,4.5,6,5,17,8,Yes,4,Apr,2024,23,Tue
2541,26-02-2023,Basic,199,11.8,8,1,33,6,Yes,2,Feb,2023,26,Sun
2542,12-07-2024,Basic,199,16,4,0,2,54,No,7,Jul,2024,12,Fri
2543,21-08-2024,Basic,199,9.5,8,4,16,32,No,8,Aug,2024,21,Wed
2544,04-07-2024,Standard,399,22.5,1,3,10,1,No,7,Jul,2024,4,Thu
2545,14-03-2023,Premium,699,23.2,8,0,19,52,No,3,Mar,2023,14,Tue
2546,04-05-2023,Premium,699,22.4,4,4,26,8,Yes,5,May,2023,4,Thu
2547,18-01-2024,Standard,399,13.3,3,4,23,28,No,1,Jan,2024,18,Thu
2548,04-03-2024,Standard,399,13.7,0,0,1,16,No,3,Mar,2024,4,Mon
2549,30-07-2024,Standard,399,12.1,1,1,21,53,Yes,7,Jul,2024,30,Tue
2550,11-06-2023,Basic,199,15.1,1,5,20,42,Yes,6,Jun,2023,11,Sun
2551,27-07-2024,Premium,699,17,4,1,32,38,No,7,Jul,2024,27,Sat
2552,03-05-2024,Premium,699,11.9,6,4,10,60,No,5,May,2024,3,Fri
2553,01-04-2023,Premium,699,7,5,1,4,45,Yes,4,Apr,2023,1,Sat
2554,19-10-2024,Premium,699,3.3,6,0,28,31,No,10,Oct,2024,19,Sat
2555,22-01-2024,Basic,199,12.4,8,4,12,14,Yes,1,Jan,2024,22,Mon
2556,05-11-2024,Standard,399,19.6,7,4,7,51,No,11,Nov,2024,5,Tue
2557,17-10-2024,Premium,699,5,0,4,26,59,Yes,10,Oct,2024,17,Thu
2558,15-03-2024,Standard,399,9.9,3,5,25,16,No,3,Mar,2024,15,Fri
2559,06-06-2023,Basic,199,11.6,4,1,18,4,No,6,Jun,2023,6,Tue
2560,06-09-2023,Premium,699,3,2,1,22,59,Yes,9,Sep,2023,6,Wed
2561,10-08-2024,Premium,699,7.2,8,1,27,0,No,8,Aug,2024,10,Sat
2562,12-02-2023,Basic,199,13.6,8,5,18,32,Yes,2,Feb,2023,12,Sun
2563,23-06-2024,Standard,399,24.6,6,3,9,9,No,6,Jun,2024,23,Sun
2564,26-04-2023,Standard,399,10.9,1,0,5,19,Yes,4,Apr,2023,26,Wed
2565,27-08-2023,Premium,699,9.3,2,1,16,45,No,8,Aug,2023,27,Sun
2566,14-02-2023,Basic,199,18.1,0,2,31,11,No,2,Feb,2023,14,Tue
2567,18-12-2024,Standard,399,14.1,1,3,21,21,No,12,Dec,2024,18,Wed
2568,08-05-2023,Basic,199,9.3,4,2,11,31,Yes,5,May,2023,8,Mon
2569,29-01-2023,Premium,699,11,0,1,7,44,Yes,1,Jan,2023,29,Sun
2570,08-03-2023,Premium,699,10.4,1,3,27,48,No,3,Mar,2023,8,Wed
2571,12-02-2023,Premium,699,17.7,8,4,9,48,Yes,2,Feb,2023,12,Sun
2572,29-05-2023,Premium,699,23.9,0,3,35,29,No,5,May,2023,29,Mon
2573,18-04-2023,Basic,199,2.5,4,3,18,33,Yes,4,Apr,2023,18,Tue
2574,13-07-2024,Basic,199,15.8,6,5,21,24,No,7,Jul,2024,13,Sat
2575,25-09-2024,Standard,399,15.6,3,5,35,37,Yes,9,Sep,2024,25,Wed
2576,03-04-2023,Premium,699,8.1,8,3,29,36,Yes,4,Apr,2023,3,Mon
2577,20-09-2024,Standard,399,14.9,5,5,22,3,Yes,9,Sep,2024,20,Fri
2578,26-01-2024,Basic,199,1.9,7,2,12,15,Yes,1,Jan,2024,26,Fri
2579,05-03-2023,Premium,699,9.1,1,3,3,5,No,3,Mar,2023,5,Sun
2580,12-09-2023,Basic,199,18.9,8,3,35,13,Yes,9,Sep,2023,12,Tue
2581,24-01-2024,Standard,399,3,4,2,9,23,Yes,1,Jan,2024,24,Wed
2582,17-08-2024,Standard,399,1.7,4,1,1,19,No,8,Aug,2024,17,Sat
2583,24-07-2024,Standard,399,1.7,6,3,12,43,Yes,7,Jul,2024,24,Wed
2584,26-09-2023,Premium,699,11.1,6,0,28,20,No,9,Sep,2023,26,Tue
2585,16-05-2024,Basic,199,20.6,4,2,1,27,No,5,May,2024,16,Thu
2586,12-11-2023,Standard,399,13.7,0,4,22,28,No,11,Nov,2023,12,Sun
2587,06-09-2023,Standard,399,5.2,8,4,15,1,Yes,9,Sep,2023,6,Wed
2588,04-03-2024,Standard,399,20.1,6,1,17,54,No,3,Mar,2024,4,Mon
2589,22-12-2023,Standard,399,1.8,6,5,19,21,Yes,12,Dec,2023,22,Fri
2590,29-06-2023,Basic,199,0.7,6,1,4,54,Yes,6,Jun,2023,29,Thu
2591,03-11-2024,Basic,199,4.9,7,3,19,56,Yes,11,Nov,2024,3,Sun
2592,17-04-2023,Standard,399,10.3,5,4,20,4,Yes,4,Apr,2023,17,Mon
2593,30-05-2024,Basic,199,7.4,1,0,12,23,No,5,May,2024,30,Thu
2594,03-07-2024,Standard,399,20,6,0,35,0,No,7,Jul,2024,3,Wed
2595,26-07-2024,Basic,199,12.1,8,3,7,30,Yes,7,Jul,2024,26,Fri
2596,02-01-2024,Basic,199,21.9,2,4,13,38,No,1,Jan,2024,2,Tue
2597,23-02-2024,Standard,399,23.3,4,3,1,8,No,2,Feb,2024,23,Fri
2598,18-06-2023,Standard,399,16.1,6,0,11,9,No,6,Jun,2023,18,Sun
2599,17-12-2023,Basic,199,13.5,3,5,14,48,No,12,Dec,2023,17,Sun
2600,25-12-2023,Basic,199,9,6,4,28,3,Yes,12,Dec,2023,25,Mon
2601,07-05-2023,Premium,699,9.5,4,4,11,11,Yes,5,May,2023,7,Sun
2602,06-01-2024,Premium,699,17.5,3,4,36,20,No,1,Jan,2024,6,Sat
2603,20-10-2023,Standard,399,1.3,6,2,4,19,Yes,10,Oct,2023,20,Fri
2604,25-04-2023,Premium,699,8.8,2,1,30,54,No,4,Apr,2023,25,Tue
2605,18-05-2024,Basic,199,4.3,7,2,13,49,Yes,5,May,2024,18,Sat
2606,22-10-2024,Premium,699,11.5,6,1,6,15,No,10,Oct,2024,22,Tue
2607,05-07-2024,Premium,699,12.5,0,1,11,55,No,7,Jul,2024,5,Fri
2608,09-07-2024,Standard,399,20.6,7,2,11,45,Yes,7,Jul,2024,9,Tue
2609,03-12-2023,Basic,199,15.4,6,1,5,52,Yes,12,Dec,2023,3,Sun
2610,29-05-2023,Premium,699,1.3,3,2,13,46,Yes,5,May,2023,29,Mon
2611,17-12-2024,Standard,399,8.6,3,2,15,0,Yes,12,Dec,2024,17,Tue
2612,10-06-2024,Premium,699,13.1,6,3,7,30,Yes,6,Jun,2024,10,Mon
2613,17-11-2024,Basic,199,9,2,2,28,16,Yes,11,Nov,2024,17,Sun
2614,06-01-2024,Standard,399,6.9,0,4,17,13,No,1,Jan,2024,6,Sat
2615,20-04-2023,Premium,699,12.1,3,3,5,45,No,4,Apr,2023,20,Thu
2616,29-05-2024,Basic,199,6.4,1,1,21,34,No,5,May,2024,29,Wed
2617,23-08-2024,Premium,699,21.9,6,4,17,36,Yes,8,Aug,2024,23,Fri
2618,20-12-2024,Premium,699,19.5,0,2,33,20,No,12,Dec,2024,20,Fri
2619,27-08-2023,Basic,199,3.1,7,5,31,8,Yes,8,Aug,2023,27,Sun
2620,29-06-2023,Basic,199,21.6,8,5,6,24,Yes,6,Jun,2023,29,Thu
2621,16-06-2023,Standard,399,22.7,8,5,9,14,No,6,Jun,2023,16,Fri
2622,06-11-2024,Premium,699,6.3,1,1,16,7,No,11,Nov,2024,6,Wed
2623,13-06-2024,Premium,699,1.2,2,4,32,13,No,6,Jun,2024,13,Thu
2624,15-02-2023,Premium,699,17.9,8,1,4,10,Yes,2,Feb,2023,15,Wed
2625,18-06-2024,Basic,199,5,2,0,1,1,Yes,6,Jun,2024,18,Tue
2626,08-10-2024,Standard,399,11.1,1,0,30,58,Yes,10,Oct,2024,8,Tue
2627,14-07-2024,Premium,699,23,7,5,36,24,Yes,7,Jul,2024,14,Sun
2628,29-08-2023,Basic,199,5.1,6,0,19,18,Yes,8,Aug,2023,29,Tue
2629,06-06-2024,Premium,699,23.2,3,5,19,60,Yes,6,Jun,2024,6,Thu
2630,13-11-2023,Basic,199,7.3,8,5,31,8,Yes,11,Nov,2023,13,Mon
2631,18-01-2023,Standard,399,20.9,1,0,21,0,No,1,Jan,2023,18,Wed
2632,04-12-2023,Standard,399,22.9,0,2,26,52,No,12,Dec,2023,4,Mon
2633,17-02-2023,Premium,699,11.2,1,2,25,1,No,2,Feb,2023,17,Fri
2634,14-01-2023,Standard,399,24.3,6,3,28,17,Yes,1,Jan,2023,14,Sat
2635,19-08-2023,Premium,699,22.9,4,0,26,45,Yes,8,Aug,2023,19,Sat
2636,28-08-2024,Standard,399,20.3,8,2,1,6,Yes,8,Aug,2024,28,Wed
2637,19-07-2023,Standard,399,1.5,0,2,31,49,Yes,7,Jul,2023,19,Wed
2638,04-08-2024,Standard,399,13.9,4,4,27,9,Yes,8,Aug,2024,4,Sun
2639,19-03-2024,Premium,699,4.4,7,0,26,33,Yes,3,Mar,2024,19,Tue
2640,07-11-2024,Premium,699,13.2,1,3,36,33,No,11,Nov,2024,7,Thu
2641,28-08-2024,Premium,699,19.6,1,2,32,1,No,8,Aug,2024,28,Wed
2642,24-01-2023,Standard,399,9.4,1,4,12,29,No,1,Jan,2023,24,Tue
2643,03-01-2024,Premium,699,3.6,1,1,16,27,No,1,Jan,2024,3,Wed
2644,22-03-2023,Standard,399,14.6,2,3,34,0,Yes,3,Mar,2023,22,Wed
2645,17-04-2024,Premium,699,19.1,5,1,1,60,Yes,4,Apr,2024,17,Wed
2646,24-12-2024,Standard,399,13,1,3,22,31,Yes,12,Dec,2024,24,Tue
2647,09-04-2023,Basic,199,12.5,6,4,9,11,No,4,Apr,2023,9,Sun
2648,22-05-2023,Premium,699,4,1,4,36,45,Yes,5,May,2023,22,Mon
2649,08-06-2024,Standard,399,4.8,2,4,18,60,Yes,6,Jun,2024,8,Sat
2650,16-05-2023,Premium,699,11.5,4,5,5,46,Yes,5,May,2023,16,Tue
2651,16-02-2023,Basic,199,9,4,2,36,31,No,2,Feb,2023,16,Thu
2652,10-05-2023,Standard,399,19.6,2,0,28,54,No,5,May,2023,10,Wed
2653,13-02-2024,Standard,399,20.8,0,5,32,3,Yes,2,Feb,2024,13,Tue
2654,20-05-2023,Basic,199,10.5,0,3,22,10,Yes,5,May,2023,20,Sat
2655,02-12-2023,Standard,399,24.8,8,1,31,58,No,12,Dec,2023,2,Sat
2656,13-06-2024,Premium,699,0.6,1,3,18,33,Yes,6,Jun,2024,13,Thu
2657,05-03-2024,Basic,199,17.4,7,1,11,5,Yes,3,Mar,2024,5,Tue
2658,02-03-2023,Basic,199,23.6,8,2,25,0,Yes,3,Mar,2023,2,Thu
2659,02-01-2023,Standard,399,16.2,0,0,36,7,No,1,Jan,2023,2,Mon
2660,13-03-2024,Premium,699,21.2,1,5,12,5,Yes,3,Mar,2024,13,Wed
2661,20-05-2023,Basic,199,18.7,3,3,3,3,No,5,May,2023,20,Sat
2662,16-01-2023,Basic,199,1.3,1,3,3,37,Yes,1,Jan,2023,16,Mon
2663,29-07-2024,Basic,199,6.8,1,4,31,36,No,7,Jul,2024,29,Mon
2664,18-06-2024,Premium,699,17.6,3,5,21,9,No,6,Jun,2024,18,Tue
2665,21-09-2023,Standard,399,15,3,3,27,22,Yes,9,Sep,2023,21,Thu
2666,11-06-2024,Standard,399,19.3,6,5,31,5,No,6,Jun,2024,11,Tue
2667,14-03-2023,Basic,199,5.5,4,4,31,5,Yes,3,Mar,2023,14,Tue
2668,17-09-2024,Basic,199,8.6,2,2,17,49,Yes,9,Sep,2024,17,Tue
2669,04-01-2024,Standard,399,17.3,1,3,15,57,Yes,1,Jan,2024,4,Thu
2670,06-03-2024,Standard,399,13.3,3,2,17,55,No,3,Mar,2024,6,Wed
2671,15-03-2024,Premium,699,10.4,4,4,4,27,Yes,3,Mar,2024,15,Fri
2672,08-07-2024,Standard,399,14.9,3,5,13,16,No,7,Jul,2024,8,Mon
2673,07-10-2024,Premium,699,13.9,2,2,13,51,Yes,10,Oct,2024,7,Mon
2674,01-04-2024,Standard,399,22.9,8,0,26,21,Yes,4,Apr,2024,1,Mon
2675,27-12-2023,Standard,399,17.8,6,2,18,28,Yes,12,Dec,2023,27,Wed
2676,10-01-2023,Basic,199,24,2,1,24,36,Yes,1,Jan,2023,10,Tue
2677,06-10-2024,Premium,699,13.8,5,2,3,6,Yes,10,Oct,2024,6,Sun
2678,13-04-2023,Premium,699,18.4,1,1,20,6,No,4,Apr,2023,13,Thu
2679,03-12-2023,Standard,399,23.6,1,4,33,43,Yes,12,Dec,2023,3,Sun
2680,11-10-2024,Standard,399,17.2,0,5,29,44,Yes,10,Oct,2024,11,Fri
2681,02-10-2023,Basic,199,18.1,5,1,26,20,No,10,Oct,2023,2,Mon
2682,24-03-2024,Premium,699,17.2,0,0,6,42,Yes,3,Mar,2024,24,Sun
2683,17-12-2024,Standard,399,21.9,0,0,23,10,No,12,Dec,2024,17,Tue
2684,07-07-2023,Basic,199,8.3,5,1,6,55,No,7,Jul,2023,7,Fri
2685,19-05-2024,Standard,399,11.3,5,0,17,28,Yes,5,May,2024,19,Sun
2686,29-12-2023,Basic,199,17.8,2,3,29,38,Yes,12,Dec,2023,29,Fri
2687,19-02-2023,Premium,699,16.3,3,5,24,48,No,2,Feb,2023,19,Sun
2688,28-07-2023,Basic,199,7.6,3,2,26,49,No,7,Jul,2023,28,Fri
2689,08-08-2023,Premium,699,0.6,5,1,8,60,Yes,8,Aug,2023,8,Tue
2690,03-10-2024,Standard,399,12.9,4,0,3,4,No,10,Oct,2024,3,Thu
2691,12-07-2024,Premium,699,23.9,5,4,7,39,No,7,Jul,2024,12,Fri
2692,31-05-2023,Standard,399,19.1,3,2,23,43,Yes,5,May,2023,31,Wed
2693,06-08-2024,Basic,199,10,0,0,24,26,No,8,Aug,2024,6,Tue
2694,14-07-2024,Premium,699,16.3,6,4,1,27,No,7,Jul,2024,14,Sun
2695,13-12-2024,Basic,199,13.9,7,3,5,16,Yes,12,Dec,2024,13,Fri
2696,09-11-2024,Basic,199,12.8,2,5,31,56,No,11,Nov,2024,9,Sat
2697,17-05-2024,Basic,199,8,5,1,19,1,Yes,5,May,2024,17,Fri
2698,14-06-2023,Standard,399,19.1,2,2,25,20,Yes,6,Jun,2023,14,Wed
2699,17-11-2023,Premium,699,20.8,1,3,23,13,No,11,Nov,2023,17,Fri
2700,18-09-2023,Standard,399,22.5,2,2,9,6,No,9,Sep,2023,18,Mon
2701,05-12-2023,Basic,199,15.9,2,1,4,50,Yes,12,Dec,2023,5,Tue
2702,07-03-2024,Basic,199,0.9,0,4,5,2,No,3,Mar,2024,7,Thu
2703,23-07-2024,Premium,699,9.2,0,5,3,48,No,7,Jul,2024,23,Tue
2704,01-04-2023,Standard,399,6.7,0,1,33,56,No,4,Apr,2023,1,Sat
2705,25-11-2024,Standard,399,11.4,2,4,26,59,Yes,11,Nov,2024,25,Mon
2706,02-08-2024,Standard,399,8.7,8,4,30,28,Yes,8,Aug,2024,2,Fri
2707,25-08-2023,Basic,199,4.7,6,2,6,10,Yes,8,Aug,2023,25,Fri
2708,13-04-2024,Basic,199,16.9,2,0,27,56,No,4,Apr,2024,13,Sat
2709,26-01-2023,Standard,399,13.3,1,2,23,29,No,1,Jan,2023,26,Thu
2710,15-06-2023,Premium,699,0.5,7,0,9,5,No,6,Jun,2023,15,Thu
2711,12-04-2023,Basic,199,0.6,3,3,36,44,No,4,Apr,2023,12,Wed
2712,15-05-2024,Premium,699,2.2,8,0,11,33,Yes,5,May,2024,15,Wed
2713,30-05-2024,Premium,699,17.3,1,3,1,6,No,5,May,2024,30,Thu
2714,25-08-2024,Standard,399,13.6,5,4,14,35,Yes,8,Aug,2024,25,Sun
2715,26-01-2024,Standard,399,17.4,7,1,30,45,No,1,Jan,2024,26,Fri
2716,01-07-2024,Premium,699,1.6,0,2,34,58,Yes,7,Jul,2024,1,Mon
2717,18-08-2024,Premium,699,2.1,6,4,14,60,Yes,8,Aug,2024,18,Sun
2718,24-02-2023,Standard,399,20.2,4,2,12,56,Yes,2,Feb,2023,24,Fri
2719,16-06-2023,Premium,699,24.9,2,1,7,46,No,6,Jun,2023,16,Fri
2720,02-10-2024,Basic,199,4.9,3,4,4,18,Yes,10,Oct,2024,2,Wed
2721,13-10-2023,Basic,199,16.7,2,0,9,16,Yes,10,Oct,2023,13,Fri
2722,23-04-2023,Standard,399,16.5,2,5,18,55,Yes,4,Apr,2023,23,Sun
2723,18-12-2024,Basic,199,24.4,5,4,27,38,Yes,12,Dec,2024,18,Wed
2724,21-02-2023,Basic,199,18.5,0,1,9,2,No,2,Feb,2023,21,Tue
2725,03-01-2024,Standard,399,5.9,2,1,10,45,No,1,Jan,2024,3,Wed
2726,14-05-2023,Basic,199,6.5,3,0,7,57,No,5,May,2023,14,Sun
2727,03-01-2023,Premium,699,10.7,0,3,6,16,No,1,Jan,2023,3,Tue
2728,12-02-2024,Premium,699,8.9,3,3,4,29,Yes,2,Feb,2024,12,Mon
2729,24-01-2023,Premium,699,15.5,3,1,7,49,Yes,1,Jan,2023,24,Tue
2730,03-12-2024,Premium,699,24.8,1,3,11,43,No,12,Dec,2024,3,Tue
2731,12-06-2023,Premium,699,12,6,4,5,2,No,6,Jun,2023,12,Mon
2732,08-07-2024,Premium,699,5.8,0,2,34,15,No,7,Jul,2024,8,Mon
2733,27-07-2023,Standard,399,15.7,6,1,5,9,No,7,Jul,2023,27,Thu
2734,13-01-2024,Basic,199,12.4,8,0,27,23,Yes,1,Jan,2024,13,Sat
2735,06-06-2023,Standard,399,11.8,0,3,26,14,No,6,Jun,2023,6,Tue
2736,21-10-2023,Basic,199,20.2,5,2,33,3,Yes,10,Oct,2023,21,Sat
2737,02-12-2024,Standard,399,16.6,7,3,20,25,No,12,Dec,2024,2,Mon
2738,11-09-2024,Standard,399,18.1,6,2,13,0,Yes,9,Sep,2024,11,Wed
2739,01-05-2023,Standard,399,11.6,2,1,11,24,Yes,5,May,2023,1,Mon
2740,21-05-2023,Basic,199,24.2,4,1,19,50,Yes,5,May,2023,21,Sun
2741,04-06-2023,Premium,699,23.6,8,5,22,20,Yes,6,Jun,2023,4,Sun
2742,31-08-2024,Basic,199,21.3,0,4,33,47,Yes,8,Aug,2024,31,Sat
2743,15-11-2023,Premium,699,18.6,6,1,7,40,Yes,11,Nov,2023,15,Wed
2744,13-12-2023,Premium,699,16.6,6,2,6,14,Yes,12,Dec,2023,13,Wed
2745,13-11-2024,Basic,199,18.1,4,3,9,11,No,11,Nov,2024,13,Wed
2746,05-02-2023,Basic,199,13.5,3,1,24,16,No,2,Feb,2023,5,Sun
2747,29-01-2023,Premium,699,2.4,5,5,16,33,Yes,1,Jan,2023,29,Sun
2748,31-07-2024,Standard,399,9.6,7,5,18,24,No,7,Jul,2024,31,Wed
2749,02-10-2023,Premium,699,12.7,7,3,18,37,Yes,10,Oct,2023,2,Mon
2750,28-04-2024,Premium,699,23.7,5,1,22,27,Yes,4,Apr,2024,28,Sun
2751,02-08-2023,Standard,399,10,8,3,26,51,Yes,8,Aug,2023,2,Wed
2752,15-12-2024,Standard,399,2.4,5,2,9,23,Yes,12,Dec,2024,15,Sun
2753,09-07-2023,Basic,199,23.2,4,4,22,5,No,7,Jul,2023,9,Sun
2754,02-04-2024,Standard,399,8.4,5,4,10,24,Yes,4,Apr,2024,2,Tue
2755,10-10-2023,Basic,199,21.4,3,0,8,29,No,10,Oct,2023,10,Tue
2756,20-10-2023,Basic,199,9.5,1,2,16,11,No,10,Oct,2023,20,Fri
2757,01-03-2024,Basic,199,16.4,3,1,17,50,No,3,Mar,2024,1,Fri
2758,08-04-2024,Basic,199,19.5,4,1,20,45,No,4,Apr,2024,8,Mon
2759,28-11-2024,Premium,699,5.9,7,1,27,6,No,11,Nov,2024,28,Thu
2760,31-12-2023,Basic,199,13.6,1,3,2,60,Yes,12,Dec,2023,31,Sun
2761,05-04-2023,Basic,199,23.3,1,2,10,46,Yes,4,Apr,2023,5,Wed
2762,14-10-2023,Premium,699,8.3,3,2,18,52,No,10,Oct,2023,14,Sat
2763,27-11-2024,Premium,699,11.1,8,3,12,16,Yes,11,Nov,2024,27,Wed
2764,25-10-2024,Premium,699,1.7,7,1,32,41,No,10,Oct,2024,25,Fri
2765,01-06-2023,Premium,699,17.4,6,2,2,56,Yes,6,Jun,2023,1,Thu
2766,28-11-2023,Basic,199,11.8,2,4,29,27,Yes,11,Nov,2023,28,Tue
2767,23-10-2024,Standard,399,5.3,0,0,13,17,No,10,Oct,2024,23,Wed
2768,12-01-2024,Basic,199,20.5,7,4,23,4,Yes,1,Jan,2024,12,Fri
2769,10-05-2024,Standard,399,16.6,0,0,34,1,No,5,May,2024,10,Fri
2770,09-11-2024,Premium,699,18.4,1,2,12,11,Yes,11,Nov,2024,9,Sat
2771,07-05-2023,Basic,199,10.9,4,1,8,36,No,5,May,2023,7,Sun
2772,23-07-2023,Basic,199,13.5,1,3,26,10,No,7,Jul,2023,23,Sun
2773,05-02-2024,Basic,199,9.8,5,2,13,45,Yes,2,Feb,2024,5,Mon
2774,11-05-2024,Basic,199,15.2,2,4,2,46,No,5,May,2024,11,Sat
2775,06-11-2024,Basic,199,3.6,5,4,23,22,Yes,11,Nov,2024,6,Wed
2776,29-03-2024,Premium,699,22.8,2,1,14,9,No,3,Mar,2024,29,Fri
2777,30-04-2024,Basic,199,22.4,2,0,13,18,No,4,Apr,2024,30,Tue
2778,31-03-2023,Premium,699,19.7,3,1,15,14,No,3,Mar,2023,31,Fri
2779,18-07-2024,Premium,699,24.3,7,3,23,5,No,7,Jul,2024,18,Thu
2780,04-05-2023,Standard,399,13,6,4,3,31,No,5,May,2023,4,Thu
2781,18-05-2024,Premium,699,20.8,3,3,11,2,Yes,5,May,2024,18,Sat
2782,20-07-2024,Basic,199,10.2,5,5,10,54,No,7,Jul,2024,20,Sat
2783,19-05-2024,Basic,199,17.1,2,5,36,5,No,5,May,2024,19,Sun
2784,17-02-2024,Premium,699,23.1,4,4,28,55,Yes,2,Feb,2024,17,Sat
2785,10-08-2023,Standard,399,8.4,4,1,13,9,Yes,8,Aug,2023,10,Thu
2786,19-04-2023,Premium,699,4,2,5,10,32,Yes,4,Apr,2023,19,Wed
2787,02-08-2024,Premium,699,6.7,2,2,19,35,No,8,Aug,2024,2,Fri
2788,24-09-2024,Basic,199,4.9,5,3,12,3,Yes,9,Sep,2024,24,Tue
2789,12-10-2024,Standard,399,9.6,0,3,14,15,No,10,Oct,2024,12,Sat
2790,28-06-2024,Premium,699,21.7,3,0,31,54,No,6,Jun,2024,28,Fri
2791,07-01-2023,Basic,199,10.2,7,2,18,6,No,1,Jan,2023,7,Sat
2792,29-07-2024,Standard,399,6.1,8,2,21,49,Yes,7,Jul,2024,29,Mon
2793,15-02-2024,Standard,399,0.8,1,1,10,49,Yes,2,Feb,2024,15,Thu
2794,29-04-2024,Premium,699,13,4,5,4,25,Yes,4,Apr,2024,29,Mon
2795,16-02-2023,Premium,699,10,5,5,24,17,No,2,Feb,2023,16,Thu
2796,10-03-2023,Standard,399,6.7,1,1,21,59,No,3,Mar,2023,10,Fri
2797,20-11-2024,Standard,399,11,4,0,6,4,No,11,Nov,2024,20,Wed
2798,13-08-2024,Standard,399,11,0,4,22,59,No,8,Aug,2024,13,Tue
2799,23-05-2024,Premium,699,15,3,4,25,20,No,5,May,2024,23,Thu
2800,21-03-2024,Standard,399,2,0,1,12,1,Yes,3,Mar,2024,21,Thu
